Lasso peptide;Year;Core peptide sequence;Bioactivity;Possible immunity gene;Additional modificationsf;Method of discovery;Peptidase accessione;Refs
Triculamin (alboverticillin);1958;SKKSKPGDGIRGKGVRG;Antibacterial;ABC transporter;–;BGI;QSY49196.1;[2,3]
Anantin;1991;GFIGWGNDIFGHYSGDF;Atrial natriuretic factor antagonist;Unknown;–;BGI;WP_031104469.1c;[115] ## not found
Microcin J25;1992;GGAGHVPEYFVGIGTPISFYG;Antibacterial;ABC transporter;–;BGI;AAD28494.1;[116,117]
Rp-71955 (siamycin III, aborycin);1993;CLGIGSCNDFAGCGYAVVCFW;Antiviral, antibacterial;ABC transporter;Disulfide bonds at Cys1–Cys13 and Cys7–Cys19 (class I);BGI;WP_037640859.1;[4,118]
Res-701-1;1994;GNWHGTAPDWFFNYYW;Endothelin antagonist;Unknown;–;BGI;WP_040898778.1c;[62]
Res-701-2;1995;GNWHGTAPDWFFNYYW;Endothelin antagonist;Unknown;Trp16 hydroxylation;BGI;WP_040898778.1c;[119]
Res-701-3;1995;GNWHGTSPDWFFNYYW;Endothelin antagonist;ABC transporter;–;BGI;WP_006604204.1;[105,119]
Res-701-4;1995;GNWHGTSPDWFFNYYW;Endothelin antagonist;ABC transporter;Trp16 hydroxylation;BGI;WP_006604204.1;[105,119]
Siamycin I (MS-271) (NP-06);1995;CLGVGSCNDFAGCGYAIVCFW;Antibacterial antiviral;ABC transporter;"Disulfide bonds at Cys1–Cys13 and Cys7–Cys19 (class I); D-Trp21 in MS-271";BGI;WP_043447676.1;[75]
Siamycin II;1995;CLGIGSCNDFAGCGYAIVCFW;Antiviral;Unknown;Disulfide bonds at Cys1–Cys13 and Cys7–Cys19 (class I);BGI;WP_043447676.1;[75,120]
Propeptin;1997;GYPWWDYRDLFGGHTFISP;Prolyl endopeptidase inhibitor, antibacterial;ABC transporter;–;BGI;WP_221890826.1c;[61]
Bi-32169;2004;GLPWGCPSDIPGWNTPWAC;Glucagon receptor inhibitor;ABC transporter;Disulfide bond at Cys6–Cys19 (class III);BGI;2519046505d;[64]
Lariatin A;2006;GSQLVYREWVGHSNVIKP;Antibacterial;ABC transporter;–;BGI;BAL72549.1;[27]
Lariatin B;2006;GSQLVYREWVGHSNVIKPGP;Antibacterial;ABC transporter;–;BGI;BAL72549.1;[27]
Capistruin;2008;GTPGFQTPDARVISRFGFN;Antibacterial;ABC transporter;–;GM;AHI79402.1;[85]
Sro15-2005;2011;GYFVGSYKEYWSRRII;Antibacterial and antifungal;ABC transporter;–;GM;WP_010071618.1;[121]
Sviceucin (SSV-2083);2011;CVWGGDCTDFLGCGTAWICV;Antibacterial;ABC transporter;Disulfide bonds at Cys1–Cys13 and Cys7–Cys19 (class I);GM;WP_007385815.1;[32,121]
Astexin-1;2012;GLSQGVEPDIGQTYFEESRINQD;Antibacterial;Isopeptidase;–;GM;WP_013479713.1;[122]
Astexin-2;2013;GLTQIQALDSVSGQFRDQLGLSAD;Unknown;Isopeptidase;–;GM;WP_049781719.1;[81,122]
Astexin-3;2013;GPTPMVGLDSVSGQYWDQHAPLAD;Unknown;Isopeptidase;–;GM;WP_049781719.1;[81,122]
Burhizin;2013;GGAGQYKEVEAGRWSDRIDSDDE;Unknown;ABC transporter;–;GM;CBW74825.1;[29]
Caulonodin I;2013;GDVLNAPEPGIGREPTGLSRD;Unknown;Unknown;–;GM;WP_012279468.1;[29]
Caulonodin II;2013;GDVLFAPEPGVGRPPMGLSED;Unknown;Unknown;–;GM;WP_012279468.1;[29]
Caulonodin III;2013;GQIYDHPEVGIGAYGCEGLQR;Unknown;Unknown;–;GM;WP_012279468.1;[29]
Caulosegnin I;2013;GAFVGQPEAVNPLGREIQG;Unknown;Isopeptidase;–;GM;WP_013079672.1;[31]
Caulosegnin II;2013;GTLTPGLPEDFLPGHYMPG;Unknown;Isopeptidase;–;GM;WP_013079672.1;[31]
Caulosegnin III;2013;GALVGLLLEDITVARYDPM;Unknown;Isopeptidase;–;GM;WP_013079672.1;[31]
Rhodanodin;2013;GVLPIGNEFMGHAATPGITE;Unknown;Isopeptidase;–;GM;WP_008437215.1;[29]
Rubrivinodin;2013;GAPSLINSEDNPAFPQRV;Unknown;Isopeptidase;–;GM;WP_014426919.1;[29]
Sphingonodin I;2013;GPGGITGDVGLGENNFGLSDD;Unknown;Isopeptidase;–;GM;BAI97836.1;[29]
Sphingonodin II;2013;GMGSGSTDQNGQPKNLIGGISDD;Unknown;Isopeptidase;–;GM;BAI99048.1;[29]
Sphingopyxin I;2013;GIEPLGPVDEDQGEHYLFAGGITADD;Unknown;Isopeptidase;–;GM;ABF54241.1;[29]
Sphingopyxin II;2013;GEALIDQDVGGGRQQFLTGIAQD;Unknown;Isopeptidase;–;GM;ABF54309.1;[29]
Syanodin I;2013;GISGGTVDAPAGQGLAGILDD;Unknown;Isopeptidase;–;GM;WP_010335837.1;[29]
Zucinodin;2013;GGIGGDFEDLNKPFDV;Unknown;Isopeptidase;–;GM;ACG78808.1;[29]
Sungsanpin;2013;GFGSKPIDSFGLSWL;Anticancer;Unknown;–;Sediment screen;Unknown;[65]
Caulonodin IV;2014;SFDVGTIKEGLVSQYYFA;Unknown;None;–;GM;WP_012286029.1;[21]
Caulonodin V;2014;SIGDSGLRESMSSQTYWP;Unknown;None;–;GM;WP_012286029.1;[21]
Caulonodin VI;2014;AGTGVLLPETNQIKRYDPA;Unknown;None;–;GM;WP_049771798.1;[21]
Caulonodin VII;2014;SGIGDVFPEPNMVRRWD;Unknown;None;–;GM;WP_049771798.1;[21]
Xanthomonin I;2014;GGPLAGEEIGGFNVPGISEE;Unknown;Isopeptidase;–;GM;APP86192.1;[123]
Xanthomonin II;2014;GGPLAGEEMGGITTLGISQD;Unknown;Isopeptidase;–;GM;APP86192.1;[123]
Xanthomonin III;2014;GGAGAGEVNGMSPIAGISEE;Unknown;Isopeptidase;–;GM;WP_003487129.1;[123]
Lassomycin;2015;GLRRLFADQLVGRRNI;Antibacterial;ABC transporter;Methylated C terminus;BGI;ACZ21386.1c;[60]
Humidimycin;2015;CLGIGSCDDFAGCGYAIVCFW;Potentiates the activity of antifungal caspofungin;ABC transporter;"Disulfide bonds at Cys1–Cys13 and Cys7–Cys19 (class I); D-Trp21";BGI;QHZ32195.1;[124]
Chaxapeptin;2015;GFGSKPLDSFGLNFF;Anticancer;None;–;GM;ALT06555.1;[125]
Streptomonomicin;2015;SLGSSPYNDILGYPALIVIYP;Antibacterial;ABC transporter;–;screening understudied organisms;WP_040271203.1;[126]
Sphaericin;2016;GLPIGWWIERPSGWYFPI;Antibacterial;None;–;BGI;GAT69131.1;[127]
Achromosin;2016;GIGSQTWDTIWLWD;Antibacterial;None;–;GM;WP_037654156.1;[128]
Actinokineosin;2016;GYPFWDNRDIFGGYTFIG;Antibacterial;ABC transporter;–;GM;EWC60869.1;[129]
Paeninodin;2016;AGPGTSTPDAFQPDPDEDVHYDS;Unknown;ABC transporter;Phosphorylation of Ser23;GM;EHQ60563.1;[130]
Acinetodin;2017;GGKGPIFETWVTEGNYYG;RNAP inhibitor;ABC transporter;–;GM;EPF88080.1;[55]
Anantin B;2017;GFIGWGNDIFGHYSGGF;Antibacterial;None;–;GM;WP_031104469.1;[11]
Benenodin-1;2017;GVGFGRPDSILTQEQAKPMGLDRD;Unknown;Isopeptidase;–;GM;WP_018082339.1;[131]
Citrulassin A;2017;LLGLAGNDRLVLSKN;Unknown;ABC transporter;Citrulline formation at Arg9;GM;WP_064068688.1;[11]
Klebsidin;2017;GSDGPIIEFFNPNGVMHYG;RNAP inhibitor;ABC transporter;–;GM;WP_023288230.1;[55]
Lagmysin;2017;LAGQGSPDLLGGHSLL;Unknown;ABC transporter;–;GM;WP_031079704.1;[11]
Lp2006;2017;GRPNWGFENDWSCVRVC;Antibacterial;ABC transporter;Disulfide bond at Cys13–Cys17 (class IV);GM;WP_026124932.1;[11]
Moomysin;2017;SYHWGDYHDWHHGWYGWWDD;Unknown;None;–;GM;WP_014140854.1;[11]
(cattlecin);;;;;;;;
Subterisin;2017;GPPGDRIEFGVLAQLPGLDRD;Unknown;Isopeptidase;–;GM;KHS45260.1;[132]
9401-lp1;2018;AFGPCVENDWFAGTAWIC;Unknown;ABC transporter;Disulfide bond at Cys5–Cys18 (class III);GM;ARA91542.1;[107]
9810-lp;2018;GYFVGSYKEYWTRRIV;Unknown;ABC transporter;–;GM;WP_030588169.1;[107]
Albusnodin;2018;GQGGGQSEDKRRAYNC;Unknown;None;Acetylation of Lys10;GM;AJE82648.1;[106]
Brevunsin;2018;DGMGEEFIEGLVRDSLYPPAG;Unknown;Isopeptidase;–;GM;EGF94506.1;[108]
Fusilassin (fuscanodin);2018;WYTAEWGLELIFVFPRFI;Unknown;ABC transporter;–;GM;WP_011291590.1;[13,14]
Snou-LP;2018;YFGLTGYENLFHFYDKLH;Unknown;None;–;GM;WP_073449291.1;[107]
Specialicin;2018;CLGVGSCVDFAGCGYAVVCFW;Antibacterial and antiviral;ABC transporter;"Disulfide bonds at Cys1–Cys13 and Cys7–Cys19 (class I); D-Trp21";GM;WP_059005882.1;[133]
Ulleungdin;2018;GFIGWGKDIFGHYGG;Anticancer;MSF transporter;–;GM;AYE54083.1;[134]
Canucin A;2019;GVGFPLADFFIHFD;Unknown;None;β-Hydroxylation of Asp14;Chemical elicitation screen;KUN61408.1;[135]
Canucin B;2019;GVGFPLADFFIHFD;Unknown;None;–;Chemical elicitation screen;KUN61408.1;[135]
Citrocin;2019;GGVGKIIEYFIGGGVGRYG;Antibacterial;ABC transporter;–;GM;WP_052463779.1;[136]
Deepstreptin;2019;LAGGTAKDLLGGHQLI;Unknown;ABC transporter;–;GM;WP_067228662.1;[104]
Leepeptin;2019;LYGVRNDEEINWHFDYWT;Unknown;ABC transporter;–;GM;CQR60042.1;[137]
Pandonodin;2019;GVLGNDAEGITLLPLCFKPICIPTLPPLTGGHA;Unknown;ABC transporter;Disulfide bond at Cys16–Cys21 (class IV);GM;WP_058377878.1;[138]
Pseudomycoidin;2019;AGPGKRLVDQVFEDEDEQGALHHS;Unknown;ABC transporter;C-terminal phosphorylation with mono- or dihexose;GM;EHQ60563.1;[26]
Ubonodin;2019;GGDGSIAEYFNRPMHIHDWQIMDSGYYG;Antibacterial;ABC transporter;–;GM;KVR35742.1;[139]
Felipeptin A1;2020;GSRGWGFEPGVRCLIWCD;Downregulation of the tumor suppressor Rb, increased sensitivity to doxorubicin;ABC transporter;Disulfide bond at Cys13–Cys17 (class IV);GM;QFU91022.1;[140]
Felipeptin A2;2020;GGGGRGYEYNKQCLIFC;Downregulation of the tumor suppressor Rb, increased sensitivity to doxorubicin;ABC transporter;Disulfide bond at Cys13–Cys17 (class IV);GM;QFU91022.1;[140]
Huascopeptin;2020;GYGNAWDSKNGLF;Unknown;ABC transporter;–;GM;QCY49169.1;[141]
Koreensin;2020;GPKGDFPDVGDGRILAGLTDE;Unknown;Isopeptidase;–;GM;WP_157926355.1;[109]
Mycetohabin-15;2020;GGSGQYREAGVGRFL;Unknown;ABC transporter;–;GM;CBW73570.1;[69]
Mycetohabin-16;2020;GGSGKYKEAGVGRFLD;Unknown;ABC transporter;–;GM;CBW73570.1;[69]
Arcumycin;2021;CLPSGDCPDFLGCGRAIWCI;Antibacterial;ABC transporter;Disulfide bonds at Cys1–Cys13 and Cys7–Cys19 (class I);GM;WP_030409713.1;[142]
Cellulassin (cellulonodin-1);2021;WIQGKWGLEIYLIFPRYL;Unknown;ABC transporter;–;GM;WP_068757172.1;[43]
Cellulonodin-2;2021;GAADDDTADMNTAKYY;Unknown;None;Aspartimide formation at Asp6;GM;WP_157080172.1;[89]
Cochonodin I;2021;GLVAGSFRDIFGGRALFLIRI;Unknown;ABC transporter (fused to peptidase);–;GM;WP_044677312.1;[77]
Ga14-001;2021;ILFKGVPDLVSHGNLV;Unknown;None;–;GM;Unknown;[143]
Ga6-002;2021;GYPWWDNRDIFGGRTFL;Unknown;ABC transporter;–;GM;Unknown;[143]
Halolassin;2021;YKSGRGLELWLFLPRMV;Unknown;ABC transporter;–;GM;WP_068689555.1;[43]
Lihuanodin;2021;GSKYSDTADESSYRW;Unknown;MSF transporter;Aspartimide formation at Asp6;GM;WP_089970451.1;[89]
Microcin Y;2021;GGRGHIAEYFSGPITQVSFYG;Antibacterial;ABC transporter;–;GM;EAT4894072.1;[54]
Stlassin;2021;LVVIVQADWNAPGWF;inhibits LPS binding to TLR4;None;–;GM;QYB25758.1;[144]
Novosphingonodin I;2022;GPPGDRIEFGVLAQLPG(LDRD);algicidal;Isopeptidase;–;BGI;WP_125955261.1;[70]
Novosphingonodin II;2022;GQAIVELDVSGGNLRFLPG(IAAE);algicidal;Isopeptidase;–;BGI;WP_168905530.1;[70]
Cloacaenodin;2022;GHSVDRIPEYFGPPGLPGPVLFYS;Antibacterial;ABC transporter;–;GM;WP_046889164.1;[57]
Las-2;2022;GMSGRIPDGFHGGRGF;Unknown;None;–;GM;WP_186368963.1;[100]
Las-6;2022;GGWGTVPDWFFNMKW;Unknown;None;–;GM;WP_042385006.1;[100]
Rubrinodin;2022;GTIDPQNSEEHPVLSRRLEN;Unknown;Isopeptidase and ABC transporter;–;GM;RVT50611.1;[83]
Shimazuellin I;2022;GQGGSNNDDGWYHSK;Unknown;ABC transporter;–;GM;WP_240873446.1;[145]
Paucinodin;2023;GFPALEFAEENPVIPGRREP;Algicidal;Isopeptidase;–;BGI;BAL94043.1;[71]
Achromonodin-1;2023;GGGGPTPEYFLMPIDPAWLQANLPNTGKYN;Antibacterial;ABC transporter;–;GM;WP_082400507.1b;[146]
Achromonodin-2;2023;GGSGGIPEYFLYAPDPMGWKNPNVTKYG;Unknown;ABC transporter;–;GM;WP_081954992.1;[146]
Las-1009;2023;GWLWGSYRDVYGVWHGPRTNFNGAGGSSEWR;Antibacterial;ABC transporter;–;GM;EID50708.1;[101]
Las-1010;2023;GWYWGNRRDIYGALRYANKR;Unknown;Unknown;–;GM;Unknown;[101]
Las-917;2023;GLIYGKYRDVLSGARLVTPPEVALR;Unknown;ABC transporter;–;GM;EID50708.1;[101]
Las-995;2023;GTSYGESLDATFPDGTPRGELTFSR;Unknown;ABC transporter;–;GM;WP_004212597.1;[101]
Longipeptin A;2023;GWWGANWDGPSGMRD;Unknown;ABC transporter;"Biaryl linkage between Trp2 and Trp3; sulfonium on Met13";GM;WP_189061724.1;[91]
Nocapeptin A;2023;GWYGSQWDGPTGQRD;Unknown;ABC transporter;Biaryl linkage between Trp2 and Tyr3;GM;WP_082871451.1;[91]
Pseudomonassin;2023;GVPGGGIIEGRYGVWSR;Antibacterial and antibiofilm;ABC transporter;–;GM;WP_128118890.1;[147]
Chlorolassin;2023;GIGSQNPWDTAWLWD;Unknown;ABC transporter;Chlorination of Trp8 and Trp12;GM;WP_090100307.1;[92]
Mycetolassin-15;2024;GGSGQYREAGVGRFF;Unknown;ABC transporter;–;GM;WP_083705989.1;[111]
Mycetolassin-18;2024;GGTGQYKEVGIGRFYDGA;Unknown;ABC transporter;–;GM;WP_083705989.1;[111]
Unnamed;2024;SKKSKPGDGKFGRGVKRG;Antibacterial;ABC transporter;–;GM;KUL11326.1;[148]
Sphingocin;2024;GPGFINNDGVGGKLPFAGLSDD;Involved in phenanthrene utilization;Isopeptidase;–;Transpositional mutagenesis and BGI;GGJ65058.1;[72]
Wygwalassin;2024;WYGWASNDGEGTAII;Unknown;None;"Prenylation of Trp4; (Z)-α,β-dehydro-Tyr2";GM;WP_030301601.1;[92]