candidate_id	case_id	core_group	core_aa	variant	precursor_len	top1_core	top1_score	rank_exact
core_fdc1ca0eac|case=lab_0004|locus=lab_0004_locus_01|pep=WP_037640859|orf=0001	lab_0004	core_fdc1ca0eac	CLGIGSCNDFAGCGYAVVCFW	rules_only	42	CLGIGSCNDFAGCGYAVVCFW	10.125	1.0
core_ec9dd4826a|case=lab_0009|locus=lab_0009_locus_01|pep=WP_043447676|orf=0001	lab_0009	core_ec9dd4826a	CLGVGSCNDFAGCGYAIVCFW	rules_only	43	CLGVGSCNDFAGCGYAIVCFW	10.1175	1.0
core_ec9dd4826a|case=lab_0009|locus=lab_0009_locus_01|pep=WP_043447676|orf=0002	lab_0009	core_ec9dd4826a	CLGVGSCNDFAGCGYAIVCFW	rules_only	34	CLGVGSCNDFAGCGYAIVCFW	8.9175	1.0
core_4550de8771|case=lab_0015|locus=lab_0015_locus_01|pep=AHI79402|orf=0001	lab_0015	core_4550de8771	GTPGFQTPDARVISRFGFN	rules_only	47	GTPGFQTPDARVISRFGFN	9.1	1.0
core_4550de8771|case=lab_0015|locus=lab_0015_locus_01|pep=AHI79402|orf=0002	lab_0015	core_4550de8771	GTPGFQTPDARVISRFGFN	rules_only	43	GTPGFQTPDARVISRFGFN	8.7	1.0
core_f938ac316c|case=lab_0016|locus=lab_0016_locus_01|pep=WP_010071618|orf=0001	lab_0016	core_f938ac316c	GYFVGSYKEYWSRRII	rules_only	61	GYFVGSYKEYWSRRII	9.7425	1.0
core_f938ac316c|case=lab_0016|locus=lab_0016_locus_01|pep=WP_010071618|orf=0002	lab_0016	core_f938ac316c	GYFVGSYKEYWSRRII	rules_only	43	GYFVGSYKEYWSRRII	9.7425	1.0
core_f938ac316c|case=lab_0016|locus=lab_0016_locus_01|pep=WP_010071618|orf=0003	lab_0016	core_f938ac316c	GYFVGSYKEYWSRRII	rules_only	32	GYFVGSYKEYWSRRII	9.3425	1.0
core_f938ac316c|case=lab_0016|locus=lab_0016_locus_01|pep=WP_010071618|orf=0004	lab_0016	core_f938ac316c	GYFVGSYKEYWSRRII	rules_only	28	GYFVGSYKEYWSRRII	9.3425	1.0
core_4b9a687f24|case=lab_0017|locus=lab_0017_locus_01|pep=WP_007385815|orf=0001	lab_0017	core_4b9a687f24	CVWGGDCTDFLGCGTAWICV	rules_only	56	CVWGGDCTDFLGCGTAWICV	9.9875	1.0
core_4b9a687f24|case=lab_0017|locus=lab_0017_locus_01|pep=WP_007385815|orf=0002	lab_0017	core_4b9a687f24	CVWGGDCTDFLGCGTAWICV	rules_only	44	CVWGGDCTDFLGCGTAWICV	9.9875	1.0
core_db5ebc5eb9|case=lab_0018|locus=lab_0018_locus_01|pep=WP_013479713|orf=0001	lab_0018	core_db5ebc5eb9	GLSQGVEPDIGQTYFEESRINQD	rules_only	57	GLSQGVEPDIGQTYFEESRINQD	10.06	1.0
core_db5ebc5eb9|case=lab_0018|locus=lab_0018_locus_01|pep=WP_013479713|orf=0002	lab_0018	core_db5ebc5eb9	GLSQGVEPDIGQTYFEESRINQD	rules_only	51	GLSQGVEPDIGQTYFEESRINQD	10.06	1.0
core_9a37b1085e|case=lab_0019|locus=lab_0019_locus_01|pep=WP_049781719|orf=0001	lab_0019	core_9a37b1085e	GLTQIQALDSVSGQFRDQLGLSAD	rules_only	50	GLTQIQALDSVSGQFRDQLGLSAD	10.485	1.0
core_9a37b1085e|case=lab_0019|locus=lab_0019_locus_01|pep=WP_049781719|orf=0002	lab_0019	core_9a37b1085e	GLTQIQALDSVSGQFRDQLGLSAD	rules_only	49	GLTQIQALDSVSGQFRDQLGLSAD	10.485	1.0
core_9a37b1085e|case=lab_0019|locus=lab_0019_locus_01|pep=WP_049781719|orf=0003	lab_0019	core_9a37b1085e	GLTQIQALDSVSGQFRDQLGLSAD	rules_only	38	GLTQIQALDSVSGQFRDQLGLSAD	10.485	1.0
core_5853349d76|case=lab_0020|locus=lab_0020_locus_01|pep=WP_049781719|orf=0001	lab_0020	core_5853349d76	GPTPMVGLDSVSGQYWDQHAPLAD	rules_only	49	GPTPMVGLDSVSGQYWDQHAPLAD	9.3475	1.0
core_a200ddc43b|case=lab_0021|locus=lab_0021_locus_01|pep=CBW74825|orf=0001	lab_0021	core_a200ddc43b	GGAGQYKEVEAGRWSDRIDSDDE	rules_only	50	GGAGQYKEVEAGRWSDRIDSDDE	9.15	1.0
core_a200ddc43b|case=lab_0021|locus=lab_0021_locus_01|pep=CBW74825|orf=0002	lab_0021	core_a200ddc43b	GGAGQYKEVEAGRWSDRIDSDDE	rules_only	39	GGAGQYKEVEAGRWSDRIDSDDE	9.15	1.0
core_a200ddc43b|case=lab_0021|locus=lab_0021_locus_01|pep=CBW74825|orf=0003	lab_0021	core_a200ddc43b	GGAGQYKEVEAGRWSDRIDSDDE	rules_only	33	GGAGQYKEVEAGRWSDRIDSDDE	9.55	1.0
core_0bb2a95525|case=lab_0025|locus=lab_0025_locus_01|pep=WP_013079672|orf=0001	lab_0025	core_0bb2a95525	GAFVGQPEAVNPLGREIQG	rules_only	56	GAFVGQPEAVNPLGREIQG	9.9475	1.0
core_0bb2a95525|case=lab_0025|locus=lab_0025_locus_01|pep=WP_013079672|orf=0002	lab_0025	core_0bb2a95525	GAFVGQPEAVNPLGREIQG	rules_only	42	GAFVGQPEAVNPLGREIQG	9.9475	1.0
core_0bb2a95525|case=lab_0025|locus=lab_0025_locus_01|pep=WP_013079672|orf=0003	lab_0025	core_0bb2a95525	GAFVGQPEAVNPLGREIQG	rules_only	30	GAFVGQPEAVNPLGREIQG	9.9475	1.0
core_b58b26a551|case=lab_0026|locus=lab_0026_locus_01|pep=WP_013079672|orf=0001	lab_0026	core_b58b26a551	GTLTPGLPEDFLPGHYMPG	rules_only	37	GTLTPGLPEDFLPGHYMPG	10.22	1.0
core_4e12df58e7|case=lab_0027|locus=lab_0027_locus_01|pep=WP_013079672|orf=0001	lab_0027	core_4e12df58e7	GALVGLLLEDITVARYDPM	rules_only	37	GALVGLLLEDITVARYDPM	9.75	1.0
core_4e12df58e7|case=lab_0027|locus=lab_0027_locus_01|pep=WP_013079672|orf=0002	lab_0027	core_4e12df58e7	GALVGLLLEDITVARYDPM	rules_only	28	ALVGLLLEDITVARYDPM	8.887500000000001	
core_0ceca6b807|case=lab_0028|locus=lab_0028_locus_01|pep=WP_008437215|orf=0001	lab_0028	core_0ceca6b807	GVLPIGNEFMGHAATPGITE	rules_only	54	GVLPIGNEFMGHAATPGITE	9.325000000000001	1.0
core_0ceca6b807|case=lab_0028|locus=lab_0028_locus_01|pep=WP_008437215|orf=0002	lab_0028	core_0ceca6b807	GVLPIGNEFMGHAATPGITE	rules_only	46	GVLPIGNEFMGHAATPGITE	9.325000000000001	1.0
core_c77ed0b6f4|case=lab_0029|locus=lab_0029_locus_01|pep=WP_014426919|orf=0001	lab_0029	core_c77ed0b6f4	GAPSLINSEDNPAFPQRV	rules_only	43	GAPSLINSEDNPAFPQRV	8.84	1.0
core_c77ed0b6f4|case=lab_0029|locus=lab_0029_locus_01|pep=WP_014426919|orf=0002	lab_0029	core_c77ed0b6f4	GAPSLINSEDNPAFPQRV	rules_only	38	GAPSLINSEDNPAFPQRV	8.84	1.0
core_53b7f53def|case=lab_0030|locus=lab_0030_locus_01|pep=BAI97836|orf=0001	lab_0030	core_53b7f53def	GPGGITGDVGLGENNFGLSDD	rules_only	42	GPGGITGDVGLGENNFGLSDD	9.55	1.0
core_53b7f53def|case=lab_0030|locus=lab_0030_locus_01|pep=BAI97836|orf=0002	lab_0030	core_53b7f53def	GPGGITGDVGLGENNFGLSDD	rules_only	39	GPGGITGDVGLGENNFGLSDD	9.55	1.0
core_53b7f53def|case=lab_0030|locus=lab_0030_locus_01|pep=BAI97836|orf=0003	lab_0030	core_53b7f53def	GPGGITGDVGLGENNFGLSDD	rules_only	33	GPGGITGDVGLGENNFGLSDD	9.55	1.0
core_53b7f53def|case=lab_0030|locus=lab_0030_locus_01|pep=BAI97836|orf=0004	lab_0030	core_53b7f53def	GPGGITGDVGLGENNFGLSDD	rules_only	25	GDVGLGENNFGLSDD	8.5	
core_f0a2897045|case=lab_0031|locus=lab_0031_locus_01|pep=BAI99048|orf=0001	lab_0031	core_f0a2897045	GMGSGSTDQNGQPKNLIGGISDD	rules_only	50	GMGSGSTDQNGQPKNLIGGISDD	9.15	1.0
core_f0a2897045|case=lab_0031|locus=lab_0031_locus_01|pep=BAI99048|orf=0002	lab_0031	core_f0a2897045	GMGSGSTDQNGQPKNLIGGISDD	rules_only	48	GMGSGSTDQNGQPKNLIGGISDD	9.15	1.0
core_f0a2897045|case=lab_0031|locus=lab_0031_locus_01|pep=BAI99048|orf=0003	lab_0031	core_f0a2897045	GMGSGSTDQNGQPKNLIGGISDD	rules_only	46	GMGSGSTDQNGQPKNLIGGISDD	9.15	1.0
core_1221a88e0d|case=lab_0032|locus=lab_0032_locus_01|pep=ABF54241|orf=0001	lab_0032	core_1221a88e0d	GIEPLGPVDEDQGEHYLFAGGITADD	rules_only	44	GIEPLGPVDEDQGEHYLFAGGITADD	9.1	1.0
core_37a41d5eb1|case=lab_0033|locus=lab_0033_locus_01|pep=ABF54309|orf=0001	lab_0033	core_37a41d5eb1	GEALIDQDVGGGRQQFLTGIAQD	rules_only	67	GEALIDQDVGGGRQQFLTGIAQD	9.71	1.0
core_37a41d5eb1|case=lab_0033|locus=lab_0033_locus_01|pep=ABF54309|orf=0002	lab_0033	core_37a41d5eb1	GEALIDQDVGGGRQQFLTGIAQD	rules_only	57	GEALIDQDVGGGRQQFLTGIAQD	9.31	1.0
core_37a41d5eb1|case=lab_0033|locus=lab_0033_locus_01|pep=ABF54309|orf=0003	lab_0033	core_37a41d5eb1	GEALIDQDVGGGRQQFLTGIAQD	rules_only	44	GEALIDQDVGGGRQQFLTGIAQD	9.31	1.0
core_730b29862f|case=lab_0034|locus=lab_0034_locus_01|pep=WP_010335837|orf=0001	lab_0034	core_730b29862f	GISGGTVDAPAGQGLAGILDD	rules_only	44	GISGGTVDAPAGQGLAGILDD	9.15	1.0
core_730b29862f|case=lab_0034|locus=lab_0034_locus_01|pep=WP_010335837|orf=0002	lab_0034	core_730b29862f	GISGGTVDAPAGQGLAGILDD	rules_only	27	DAPAGQGLAGILDD	-19.78	
core_f9769217a8|case=lab_0035|locus=lab_0035_locus_01|pep=ACG78808|orf=0001	lab_0035	core_f9769217a8	GGIGGDFEDLNKPFDV	rules_only	51	GGIGGDFEDLNKPFDV	9.55	1.0
core_f9769217a8|case=lab_0035|locus=lab_0035_locus_01|pep=ACG78808|orf=0002	lab_0035	core_f9769217a8	GGIGGDFEDLNKPFDV	rules_only	47	GGIGGDFEDLNKPFDV	9.55	1.0
core_f9769217a8|case=lab_0035|locus=lab_0035_locus_01|pep=ACG78808|orf=0003	lab_0035	core_f9769217a8	GGIGGDFEDLNKPFDV	rules_only	39	GGIGGDFEDLNKPFDV	9.55	1.0
core_f9769217a8|case=lab_0035|locus=lab_0035_locus_01|pep=ACG78808|orf=0004	lab_0035	core_f9769217a8	GGIGGDFEDLNKPFDV	rules_only	32	GGIGGDFEDLNKPFDV	9.55	1.0
core_348a8a07be|case=lab_0041|locus=lab_0041_locus_01|pep=APP86192|orf=0001	lab_0041	core_348a8a07be	GGPLAGEEIGGFNVPGISEE	rules_only	46	GGPLAGEEIGGFNVPGISEE	9.55	1.0
core_348a8a07be|case=lab_0041|locus=lab_0041_locus_01|pep=APP86192|orf=0002	lab_0041	core_348a8a07be	GGPLAGEEIGGFNVPGISEE	rules_only	30	GGPLAGEEIGGFNVPGISEE	9.55	1.0
core_3c7b489fb5|case=lab_0042|locus=lab_0042_locus_01|pep=APP86192|orf=0001	lab_0042	core_3c7b489fb5	GGPLAGEEMGGITTLGISQD	rules_only	61	GGPLAGEEMGGITTLGISQD	10.11	1.0
core_3c7b489fb5|case=lab_0042|locus=lab_0042_locus_01|pep=APP86192|orf=0002	lab_0042	core_3c7b489fb5	GGPLAGEEMGGITTLGISQD	rules_only	59	GGPLAGEEMGGITTLGISQD	10.11	1.0
core_3c7b489fb5|case=lab_0042|locus=lab_0042_locus_01|pep=APP86192|orf=0003	lab_0042	core_3c7b489fb5	GGPLAGEEMGGITTLGISQD	rules_only	48	GGPLAGEEMGGITTLGISQD	10.11	1.0
core_3c7b489fb5|case=lab_0042|locus=lab_0042_locus_01|pep=APP86192|orf=0004	lab_0042	core_3c7b489fb5	GGPLAGEEMGGITTLGISQD	rules_only	36	GGPLAGEEMGGITTLGISQD	10.11	1.0
core_3c7b489fb5|case=lab_0042|locus=lab_0042_locus_01|pep=APP86192|orf=0005	lab_0042	core_3c7b489fb5	GGPLAGEEMGGITTLGISQD	rules_only	30	GGPLAGEEMGGITTLGISQD	9.55	1.0
core_b9e99058bd|case=lab_0043|locus=lab_0043_locus_01|pep=WP_003487129|orf=0001	lab_0043	core_b9e99058bd	GGAGAGEVNGMSPIAGISEE	rules_only	49	GGAGAGEVNGMSPIAGISEE	8.7	1.0
core_b9e99058bd|case=lab_0043|locus=lab_0043_locus_01|pep=WP_003487129|orf=0002	lab_0043	core_b9e99058bd	GGAGAGEVNGMSPIAGISEE	rules_only	30	GGAGAGEVNGMSPIAGISEE	9.1	1.0
core_b9e99058bd|case=lab_0043|locus=lab_0043_locus_01|pep=WP_003487129|orf=0003	lab_0043	core_b9e99058bd	GGAGAGEVNGMSPIAGISEE	rules_only	24	EVNGMSPIAGISEE	-21.29	
core_b5fd749c64|case=lab_0046|locus=lab_0046_locus_01|pep=ALT06555|orf=0001	lab_0046	core_b5fd749c64	GFGSKPLDSFGLNFF	rules_only	44	GFGSKPLDSFGLNFF	10.4275	1.0
core_b5fd749c64|case=lab_0046|locus=lab_0046_locus_01|pep=ALT06555|orf=0002	lab_0046	core_b5fd749c64	GFGSKPLDSFGLNFF	rules_only	40	GFGSKPLDSFGLNFF	10.4275	1.0
core_b5fd749c64|case=lab_0046|locus=lab_0046_locus_01|pep=ALT06555|orf=0003	lab_0046	core_b5fd749c64	GFGSKPLDSFGLNFF	rules_only	24	FGSKPLDSFGLNFF	6.32	
core_313d83b2ec|case=lab_0047|locus=lab_0047_locus_01|pep=WP_040271203|orf=0001	lab_0047	core_313d83b2ec	SLGSSPYNDILGYPALIVIYP	rules_only	58	SLGSSPYNDILGYPALIVIYP	10.102500000000001	1.0
core_313d83b2ec|case=lab_0047|locus=lab_0047_locus_01|pep=WP_040271203|orf=0002	lab_0047	core_313d83b2ec	SLGSSPYNDILGYPALIVIYP	rules_only	51	SLGSSPYNDILGYPALIVIYP	10.102500000000001	1.0
core_313d83b2ec|case=lab_0047|locus=lab_0047_locus_01|pep=WP_040271203|orf=0003	lab_0047	core_313d83b2ec	SLGSSPYNDILGYPALIVIYP	rules_only	41	SLGSSPYNDILGYPALIVIYP	10.102500000000001	1.0
core_5d3eec3159|case=lab_0048|locus=lab_0048_locus_01|pep=GAT69131|orf=0001	lab_0048	core_5d3eec3159	GLPIGWWIERPSGWYFPI	rules_only	39	GLPIGWWIERPSGWYFPI	10.5275	1.0
core_b8ece69c14|case=lab_0049|locus=lab_0049_locus_01|pep=WP_037654156|orf=0001	lab_0049	core_b8ece69c14	GIGSQTWDTIWLWD	rules_only	65	GIGSQTWDTIWLWD	9.2375	1.0
core_b8ece69c14|case=lab_0049|locus=lab_0049_locus_01|pep=WP_037654156|orf=0002	lab_0049	core_b8ece69c14	GIGSQTWDTIWLWD	rules_only	42	GIGSQTWDTIWLWD	9.2375	1.0
core_b8ece69c14|case=lab_0049|locus=lab_0049_locus_01|pep=WP_037654156|orf=0003	lab_0049	core_b8ece69c14	GIGSQTWDTIWLWD	rules_only	36	GIGSQTWDTIWLWD	9.2375	1.0
core_b8ece69c14|case=lab_0049|locus=lab_0049_locus_01|pep=WP_037654156|orf=0004	lab_0049	core_b8ece69c14	GIGSQTWDTIWLWD	rules_only	26	GIGSQTWDTIWLWD	9.2375	1.0
core_b8ece69c14|case=lab_0049|locus=lab_0049_locus_03|pep=WP_037654156|orf=0001	lab_0049	core_b8ece69c14	GIGSQTWDTIWLWD	rules_only	65	GIGSQTWDTIWLWD	9.2375	1.0
core_b8ece69c14|case=lab_0049|locus=lab_0049_locus_03|pep=WP_037654156|orf=0002	lab_0049	core_b8ece69c14	GIGSQTWDTIWLWD	rules_only	42	GIGSQTWDTIWLWD	9.2375	1.0
core_b8ece69c14|case=lab_0049|locus=lab_0049_locus_04|pep=WP_037654156|orf=0001	lab_0049	core_b8ece69c14	GIGSQTWDTIWLWD	rules_only	65	GIGSQTWDTIWLWD	9.2375	1.0
core_c5a7a226ce|case=lab_0050|locus=lab_0050_locus_01|pep=EWC60869|orf=0001	lab_0050	core_c5a7a226ce	GYPFWDNRDIFGGYTFIG	rules_only	117	GYPFWDNRDIFGGYTFIG	8.7	1.0
core_c5a7a226ce|case=lab_0050|locus=lab_0050_locus_01|pep=EWC60869|orf=0002	lab_0050	core_c5a7a226ce	GYPFWDNRDIFGGYTFIG	rules_only	113	GYPFWDNRDIFGGYTFIG	8.7	1.0
core_c5a7a226ce|case=lab_0050|locus=lab_0050_locus_01|pep=EWC60869|orf=0003	lab_0050	core_c5a7a226ce	GYPFWDNRDIFGGYTFIG	rules_only	88	GYPFWDNRDIFGGYTFIG	8.7	1.0
core_c5a7a226ce|case=lab_0050|locus=lab_0050_locus_01|pep=EWC60869|orf=0004	lab_0050	core_c5a7a226ce	GYPFWDNRDIFGGYTFIG	rules_only	64	GYPFWDNRDIFGGYTFIG	8.7	1.0
core_c5a7a226ce|case=lab_0050|locus=lab_0050_locus_01|pep=EWC60869|orf=0005	lab_0050	core_c5a7a226ce	GYPFWDNRDIFGGYTFIG	rules_only	39	GYPFWDNRDIFGGYTFIG	9.1	1.0
core_12c3707a6c|case=lab_0051|locus=lab_0051_locus_01|pep=EHQ60563|orf=0001	lab_0051	core_12c3707a6c	AGPGTSTPDAFQPDPDEDVHYDS	rules_only	42	AGPGTSTPDAFQPDPDEDVHYDS	9.98	1.0
core_12c3707a6c|case=lab_0051|locus=lab_0051_locus_01|pep=EHQ60563|orf=0002	lab_0051	core_12c3707a6c	AGPGTSTPDAFQPDPDEDVHYDS	rules_only	31	TPDAFQPDPDEDVHYDS	8.67	
core_12c3707a6c|case=lab_0051|locus=lab_0051_locus_01|pep=EHQ60563|orf=0003	lab_0051	core_12c3707a6c	AGPGTSTPDAFQPDPDEDVHYDS	rules_only	30	TPDAFQPDPDEDVHYDS	8.67	
core_12c3707a6c|case=lab_0051|locus=lab_0051_locus_01|pep=EHQ60563|orf=0004	lab_0051	core_12c3707a6c	AGPGTSTPDAFQPDPDEDVHYDS	rules_only	24	AFQPDPDEDVHYDS	7.73	
core_050c0246aa|case=lab_0052|locus=lab_0052_locus_01|pep=EPF88080|orf=0001	lab_0052	core_050c0246aa	GGKGPIFETWVTEGNYYG	rules_only	50	GGKGPIFETWVTEGNYYG	9.55	1.0
core_050c0246aa|case=lab_0052|locus=lab_0052_locus_01|pep=EPF88080|orf=0002	lab_0052	core_050c0246aa	GGKGPIFETWVTEGNYYG	rules_only	44	GGKGPIFETWVTEGNYYG	9.55	1.0
core_050c0246aa|case=lab_0052|locus=lab_0052_locus_01|pep=EPF88080|orf=0003	lab_0052	core_050c0246aa	GGKGPIFETWVTEGNYYG	rules_only	33	GGKGPIFETWVTEGNYYG	9.55	1.0
core_050c0246aa|case=lab_0052|locus=lab_0052_locus_01|pep=EPF88080|orf=0004	lab_0052	core_050c0246aa	GGKGPIFETWVTEGNYYG	rules_only	21			
core_ac83a85627|case=lab_0053|locus=lab_0053_locus_01|pep=WP_031104469|orf=0001	lab_0053	core_ac83a85627	GFIGWGNDIFGHYSGGF	rules_only	62	GFIGWGNDIFGHYSGGF	10.682500000000001	1.0
core_ac83a85627|case=lab_0053|locus=lab_0053_locus_01|pep=WP_031104469|orf=0002	lab_0053	core_ac83a85627	GFIGWGNDIFGHYSGGF	rules_only	46	GFIGWGNDIFGHYSGGF	10.682500000000001	1.0
core_26c3b82883|case=lab_0054|locus=lab_0054_locus_01|pep=WP_018082339|orf=0001	lab_0054	core_26c3b82883	GVGFGRPDSILTQEQAKPMGLDRD	rules_only	58	GVGFGRPDSILTQEQAKPMGLDRD	10.262500000000001	1.0
core_26c3b82883|case=lab_0054|locus=lab_0054_locus_01|pep=WP_018082339|orf=0002	lab_0054	core_26c3b82883	GVGFGRPDSILTQEQAKPMGLDRD	rules_only	56	GVGFGRPDSILTQEQAKPMGLDRD	10.262500000000001	1.0
core_26c3b82883|case=lab_0054|locus=lab_0054_locus_01|pep=WP_018082339|orf=0003	lab_0054	core_26c3b82883	GVGFGRPDSILTQEQAKPMGLDRD	rules_only	45	GVGFGRPDSILTQEQAKPMGLDRD	10.262500000000001	1.0
core_fbeee6538a|case=lab_0055|locus=lab_0055_locus_01|pep=WP_064068688|orf=0001	lab_0055	core_fbeee6538a	LLGLAGNDRLVLSKN	rules_only	66	LLGLAGNDRLVLSKN	10.45	1.0
core_fbeee6538a|case=lab_0055|locus=lab_0055_locus_01|pep=WP_064068688|orf=0002	lab_0055	core_fbeee6538a	LLGLAGNDRLVLSKN	rules_only	45	LLGLAGNDRLVLSKN	10.45	1.0
core_fbeee6538a|case=lab_0055|locus=lab_0055_locus_01|pep=WP_064068688|orf=0003	lab_0055	core_fbeee6538a	LLGLAGNDRLVLSKN	rules_only	36	LLGLAGNDRLVLSKN	10.45	1.0
core_9cc4df377f|case=lab_0056|locus=lab_0056_locus_01|pep=WP_023288230|orf=0001	lab_0056	core_9cc4df377f	GSDGPIIEFFNPNGVMHYG	rules_only	45	GSDGPIIEFFNPNGVMHYG	9.945	1.0
core_9cc4df377f|case=lab_0056|locus=lab_0056_locus_01|pep=WP_023288230|orf=0002	lab_0056	core_9cc4df377f	GSDGPIIEFFNPNGVMHYG	rules_only	44	GSDGPIIEFFNPNGVMHYG	9.945	1.0
core_9cc4df377f|case=lab_0056|locus=lab_0056_locus_01|pep=WP_023288230|orf=0003	lab_0056	core_9cc4df377f	GSDGPIIEFFNPNGVMHYG	rules_only	34	GSDGPIIEFFNPNGVMHYG	9.945	1.0
core_9cc4df377f|case=lab_0056|locus=lab_0056_locus_11|pep=WP_023288230|orf=0001	lab_0056	core_9cc4df377f	GSDGPIIEFFNPNGVMHYG	rules_only	45	GSDGPIIEFFNPNGVMHYG	9.945	1.0
core_9cc4df377f|case=lab_0056|locus=lab_0056_locus_11|pep=WP_023288230|orf=0002	lab_0056	core_9cc4df377f	GSDGPIIEFFNPNGVMHYG	rules_only	44	GSDGPIIEFFNPNGVMHYG	9.945	1.0
core_9cc4df377f|case=lab_0056|locus=lab_0056_locus_11|pep=WP_023288230|orf=0003	lab_0056	core_9cc4df377f	GSDGPIIEFFNPNGVMHYG	rules_only	34	GSDGPIIEFFNPNGVMHYG	9.945	1.0
core_9cc4df377f|case=lab_0056|locus=lab_0056_locus_73|pep=WP_023288230|orf=0001	lab_0056	core_9cc4df377f	GSDGPIIEFFNPNGVMHYG	rules_only	45	GSDGPIIEFFNPNGVMHYG	9.955	1.0
core_9cc4df377f|case=lab_0056|locus=lab_0056_locus_73|pep=WP_023288230|orf=0002	lab_0056	core_9cc4df377f	GSDGPIIEFFNPNGVMHYG	rules_only	44	GSDGPIIEFFNPNGVMHYG	9.955	1.0
core_9cc4df377f|case=lab_0056|locus=lab_0056_locus_73|pep=WP_023288230|orf=0003	lab_0056	core_9cc4df377f	GSDGPIIEFFNPNGVMHYG	rules_only	34	GSDGPIIEFFNPNGVMHYG	9.955	1.0
core_4422bec207|case=lab_0057|locus=lab_0057_locus_01|pep=WP_031079704|orf=0001	lab_0057	core_4422bec207	LAGQGSPDLLGGHSLL	rules_only	37	LAGQGSPDLLGGHSLL	10.2325	1.0
core_4422bec207|case=lab_0057|locus=lab_0057_locus_01|pep=WP_031079704|orf=0002	lab_0057	core_4422bec207	LAGQGSPDLLGGHSLL	rules_only	35	LAGQGSPDLLGGHSLL	10.2325	1.0
core_1e48df89d9|case=lab_0058|locus=lab_0058_locus_01|pep=WP_026124932|orf=0001	lab_0058	core_1e48df89d9	GRPNWGFENDWSCVRVC	rules_only	46	GRPNWGFENDWSCVRVC	9.15	1.0
core_1e48df89d9|case=lab_0058|locus=lab_0058_locus_01|pep=WP_026124932|orf=0002	lab_0058	core_1e48df89d9	GRPNWGFENDWSCVRVC	rules_only	26	NWGFENDWSCVRVC	6.32	
core_8edc2f91a2|case=lab_0059|locus=lab_0059_locus_01|pep=WP_014140854|orf=0001	lab_0059	core_8edc2f91a2	SYHWGDYHDWHHGWYGWWDD	rules_only	44	SYHWGDYHDWHHGWYGWWDD	9.58	1.0
core_8edc2f91a2|case=lab_0059|locus=lab_0059_locus_01|pep=WP_014140854|orf=0002	lab_0059	core_8edc2f91a2	SYHWGDYHDWHHGWYGWWDD	rules_only	33	SYHWGDYHDWHHGWYGWWDD	8.78	1.0
core_ff24d1e32b|case=lab_0063|locus=lab_0063_locus_01|pep=WP_030588169|orf=0001	lab_0063	core_ff24d1e32b	GYFVGSYKEYWTRRIV	rules_only	58	GYFVGSYKEYWTRRIV	10.9525	1.0
core_ff24d1e32b|case=lab_0063|locus=lab_0063_locus_01|pep=WP_030588169|orf=0002	lab_0063	core_ff24d1e32b	GYFVGSYKEYWTRRIV	rules_only	55	GYFVGSYKEYWTRRIV	10.9525	1.0
core_ff24d1e32b|case=lab_0063|locus=lab_0063_locus_01|pep=WP_030588169|orf=0003	lab_0063	core_ff24d1e32b	GYFVGSYKEYWTRRIV	rules_only	40	GYFVGSYKEYWTRRIV	10.9525	1.0
core_ff24d1e32b|case=lab_0063|locus=lab_0063_locus_01|pep=WP_030588169|orf=0004	lab_0063	core_ff24d1e32b	GYFVGSYKEYWTRRIV	rules_only	32	GYFVGSYKEYWTRRIV	9.7525	1.0
core_455ca7c878|case=lab_0064|locus=lab_0064_locus_01|pep=AJE82648|orf=0001	lab_0064	core_455ca7c878	GQGGGQSEDKRRAYNC	rules_only	88	GQGGGQSEDKRRAYNC	9.15	1.0
core_455ca7c878|case=lab_0064|locus=lab_0064_locus_01|pep=AJE82648|orf=0002	lab_0064	core_455ca7c878	GQGGGQSEDKRRAYNC	rules_only	56	GQGGGQSEDKRRAYNC	9.15	1.0
core_455ca7c878|case=lab_0064|locus=lab_0064_locus_01|pep=AJE82648|orf=0003	lab_0064	core_455ca7c878	GQGGGQSEDKRRAYNC	rules_only	45	GQGGGQSEDKRRAYNC	9.15	1.0
core_60acb5e64e|case=lab_0065|locus=lab_0065_locus_01|pep=EGF94506|orf=0001	lab_0065	core_60acb5e64e	DGMGEEFIEGLVRDSLYPPAG	rules_only	85	DGMGEEFIEGLVRDSLYPPAG	8.22	1.0
core_60acb5e64e|case=lab_0065|locus=lab_0065_locus_01|pep=EGF94506|orf=0002	lab_0065	core_60acb5e64e	DGMGEEFIEGLVRDSLYPPAG	rules_only	62	DGMGEEFIEGLVRDSLYPPAG	8.22	1.0
core_60acb5e64e|case=lab_0065|locus=lab_0065_locus_01|pep=EGF94506|orf=0003	lab_0065	core_60acb5e64e	DGMGEEFIEGLVRDSLYPPAG	rules_only	41	DGMGEEFIEGLVRDSLYPPAG	8.22	1.0
core_60acb5e64e|case=lab_0065|locus=lab_0065_locus_01|pep=EGF94506|orf=0004	lab_0065	core_60acb5e64e	DGMGEEFIEGLVRDSLYPPAG	rules_only	40	DGMGEEFIEGLVRDSLYPPAG	8.22	1.0
core_cb6fe36faf|case=lab_0066|locus=lab_0066_locus_01|pep=WP_011291590|orf=0001	lab_0066	core_cb6fe36faf	WYTAEWGLELIFVFPRFI	rules_only	106	WYTAEWGLELIFVFPRFI	9.7225	1.0
core_cb6fe36faf|case=lab_0066|locus=lab_0066_locus_01|pep=WP_011291590|orf=0002	lab_0066	core_cb6fe36faf	WYTAEWGLELIFVFPRFI	rules_only	70	WYTAEWGLELIFVFPRFI	9.7225	1.0
core_cb6fe36faf|case=lab_0066|locus=lab_0066_locus_01|pep=WP_011291590|orf=0003	lab_0066	core_cb6fe36faf	WYTAEWGLELIFVFPRFI	rules_only	62	WYTAEWGLELIFVFPRFI	9.7225	1.0
core_cb6fe36faf|case=lab_0066|locus=lab_0066_locus_01|pep=WP_011291590|orf=0004	lab_0066	core_cb6fe36faf	WYTAEWGLELIFVFPRFI	rules_only	40	WYTAEWGLELIFVFPRFI	9.7225	1.0
core_e0584973c0|case=lab_0067|locus=lab_0067_locus_01|pep=WP_073449291|orf=0001	lab_0067	core_e0584973c0	YFGLTGYENLFHFYDKLH	rules_only	50	YFGLTGYENLFHFYDKLH	8.6875	1.0
core_e0584973c0|case=lab_0067|locus=lab_0067_locus_01|pep=WP_073449291|orf=0002	lab_0067	core_e0584973c0	YFGLTGYENLFHFYDKLH	rules_only	49	YFGLTGYENLFHFYDKLH	8.6875	1.0
core_e0584973c0|case=lab_0067|locus=lab_0067_locus_01|pep=WP_073449291|orf=0003	lab_0067	core_e0584973c0	YFGLTGYENLFHFYDKLH	rules_only	30	YFGLTGYENLFHFYDKLH	8.6875	1.0
core_c7c98d71bf|case=lab_0068|locus=lab_0068_locus_01|pep=WP_059005882|orf=0001	lab_0068	core_c7c98d71bf	CLGVGSCVDFAGCGYAVVCFW	rules_only	44	CLGVGSCVDFAGCGYAVVCFW	10.31	1.0
core_338a21c5dd|case=lab_0070|locus=lab_0070_locus_01|pep=KUN61408|orf=0001	lab_0070	core_338a21c5dd	GVGFPLADFFIHFD	rules_only	53	GVGFPLADFFIHFD	10.99	1.0
core_338a21c5dd|case=lab_0070|locus=lab_0070_locus_01|pep=KUN61408|orf=0002	lab_0070	core_338a21c5dd	GVGFPLADFFIHFD	rules_only	49	GVGFPLADFFIHFD	10.99	1.0
core_338a21c5dd|case=lab_0070|locus=lab_0070_locus_01|pep=KUN61408|orf=0003	lab_0070	core_338a21c5dd	GVGFPLADFFIHFD	rules_only	40	GVGFPLADFFIHFD	10.99	1.0
core_338a21c5dd|case=lab_0070|locus=lab_0070_locus_01|pep=KUN61408|orf=0004	lab_0070	core_338a21c5dd	GVGFPLADFFIHFD	rules_only	37	GVGFPLADFFIHFD	10.99	1.0
core_338a21c5dd|case=lab_0070|locus=lab_0070_locus_01|pep=KUN61408|orf=0005	lab_0070	core_338a21c5dd	GVGFPLADFFIHFD	rules_only	25	GVGFPLADFFIHFD	9.790000000000001	1.0
core_46c41d67f7|case=lab_0072|locus=lab_0072_locus_01|pep=WP_052463779|orf=0001	lab_0072	core_46c41d67f7	GGVGKIIEYFIGGGVGRYG	rules_only	41	GGVGKIIEYFIGGGVGRYG	9.8825	1.0
core_46c41d67f7|case=lab_0072|locus=lab_0072_locus_01|pep=WP_052463779|orf=0002	lab_0072	core_46c41d67f7	GGVGKIIEYFIGGGVGRYG	rules_only	31	GGVGKIIEYFIGGGVGRYG	9.8825	1.0
core_e886078a94|case=lab_0073|locus=lab_0073_locus_01|pep=WP_067228662|orf=0001	lab_0073	core_e886078a94	LAGGTAKDLLGGHQLI	rules_only	108	GLAGGTAKDLLGGHQLI	10.6125	2.0
core_e886078a94|case=lab_0073|locus=lab_0073_locus_01|pep=WP_067228662|orf=0002	lab_0073	core_e886078a94	LAGGTAKDLLGGHQLI	rules_only	83	GLAGGTAKDLLGGHQLI	10.6125	2.0
core_e886078a94|case=lab_0073|locus=lab_0073_locus_01|pep=WP_067228662|orf=0003	lab_0073	core_e886078a94	LAGGTAKDLLGGHQLI	rules_only	45	GLAGGTAKDLLGGHQLI	10.6125	2.0
core_e886078a94|case=lab_0073|locus=lab_0073_locus_01|pep=WP_067228662|orf=0004	lab_0073	core_e886078a94	LAGGTAKDLLGGHQLI	rules_only	37	GLAGGTAKDLLGGHQLI	10.6125	2.0
core_e886078a94|case=lab_0073|locus=lab_0073_locus_01|pep=WP_067228662|orf=0005	lab_0073	core_e886078a94	LAGGTAKDLLGGHQLI	rules_only	35	GLAGGTAKDLLGGHQLI	10.6125	2.0
core_c09113e945|case=lab_0074|locus=lab_0074_locus_01|pep=CQR60042|orf=0001	lab_0074	core_c09113e945	LYGVRNDEEINWHFDYWT	rules_only	103	LYGVRNDEEINWHFDYWT	8.83	1.0
core_c09113e945|case=lab_0074|locus=lab_0074_locus_01|pep=CQR60042|orf=0002	lab_0074	core_c09113e945	LYGVRNDEEINWHFDYWT	rules_only	58	GLGAFAEETGLYGVRNDEEINWHFDYWT	8.6975	2.0
core_c09113e945|case=lab_0074|locus=lab_0074_locus_01|pep=CQR60042|orf=0003	lab_0074	core_c09113e945	LYGVRNDEEINWHFDYWT	rules_only	43	GLGAFAEETGLYGVRNDEEINWHFDYWT	8.6975	2.0
core_c09113e945|case=lab_0074|locus=lab_0074_locus_01|pep=CQR60042|orf=0004	lab_0074	core_c09113e945	LYGVRNDEEINWHFDYWT	rules_only	30	LYGVRNDEEINWHFDYWT	8.83	1.0
core_c09113e945|case=lab_0074|locus=lab_0074_locus_01|pep=CQR60042|orf=0005	lab_0074	core_c09113e945	LYGVRNDEEINWHFDYWT	rules_only	27	GVRNDEEINWHFDYWT	7.6000000000000005	
core_6e53c2183b|case=lab_0075|locus=lab_0075_locus_01|pep=WP_058377878|orf=0001	lab_0075	core_6e53c2183b	GVLGNDAEGITLLPLCFKPICIPTLPPLTGGHA	rules_only	60	GVLGNDAEGITLLPLCFKPICIPTLPPLTGGHA	8.745000000000001	1.0
core_6e53c2183b|case=lab_0075|locus=lab_0075_locus_01|pep=WP_058377878|orf=0002	lab_0075	core_6e53c2183b	GVLGNDAEGITLLPLCFKPICIPTLPPLTGGHA	rules_only	56	GVLGNDAEGITLLPLCFKPICIPTLPPLTGGHA	8.745000000000001	1.0
core_6e53c2183b|case=lab_0075|locus=lab_0075_locus_01|pep=WP_058377878|orf=0003	lab_0075	core_6e53c2183b	GVLGNDAEGITLLPLCFKPICIPTLPPLTGGHA	rules_only	50	GVLGNDAEGITLLPLCFKPICIPTLPPLTGGHA	8.745000000000001	1.0
core_6e53c2183b|case=lab_0075|locus=lab_0075_locus_01|pep=WP_058377878|orf=0004	lab_0075	core_6e53c2183b	GVLGNDAEGITLLPLCFKPICIPTLPPLTGGHA	rules_only	41	LGNDAEGITLLPLCFKPICIPTLPPLTGGHA	4.71	
core_c21d0b04cf|case=lab_0077|locus=lab_0077_locus_01|pep=KVR35742|orf=0001	lab_0077	core_c21d0b04cf	GGDGSIAEYFNRPMHIHDWQIMDSGYYG	rules_only	75	GGDGSIAEYFNRPMHIHDWQIMDSGYYG	9.05	1.0
core_c21d0b04cf|case=lab_0077|locus=lab_0077_locus_01|pep=KVR35742|orf=0002	lab_0077	core_c21d0b04cf	GGDGSIAEYFNRPMHIHDWQIMDSGYYG	rules_only	64	GGDGSIAEYFNRPMHIHDWQIMDSGYYG	9.05	1.0
core_c21d0b04cf|case=lab_0077|locus=lab_0077_locus_01|pep=KVR35742|orf=0003	lab_0077	core_c21d0b04cf	GGDGSIAEYFNRPMHIHDWQIMDSGYYG	rules_only	60	GGDGSIAEYFNRPMHIHDWQIMDSGYYG	9.05	1.0
core_c21d0b04cf|case=lab_0077|locus=lab_0077_locus_01|pep=KVR35742|orf=0004	lab_0077	core_c21d0b04cf	GGDGSIAEYFNRPMHIHDWQIMDSGYYG	rules_only	37	GDGSIAEYFNRPMHIHDWQIMDSGYYG	7.58	
core_c21d0b04cf|case=lab_0077|locus=lab_0077_locus_01|pep=KVR35742|orf=0005	lab_0077	core_c21d0b04cf	GGDGSIAEYFNRPMHIHDWQIMDSGYYG	rules_only	29	NRPMHIHDWQIMDSGYYG	6.37	
core_c262dfa9fe|case=lab_0078|locus=lab_0078_locus_01|pep=QFU91022|orf=0001	lab_0078	core_c262dfa9fe	GSRGWGFEPGVRCLIWCD	rules_only	108	GSRGWGFEPGVRCLIWCD	9.55	1.0
core_c262dfa9fe|case=lab_0078|locus=lab_0078_locus_01|pep=QFU91022|orf=0002	lab_0078	core_c262dfa9fe	GSRGWGFEPGVRCLIWCD	rules_only	75	GSRGWGFEPGVRCLIWCD	9.15	1.0
core_c262dfa9fe|case=lab_0078|locus=lab_0078_locus_01|pep=QFU91022|orf=0003	lab_0078	core_c262dfa9fe	GSRGWGFEPGVRCLIWCD	rules_only	65	GSRGWGFEPGVRCLIWCD	9.15	1.0
core_c262dfa9fe|case=lab_0078|locus=lab_0078_locus_01|pep=QFU91022|orf=0004	lab_0078	core_c262dfa9fe	GSRGWGFEPGVRCLIWCD	rules_only	55	GSRGWGFEPGVRCLIWCD	9.15	1.0
core_c262dfa9fe|case=lab_0078|locus=lab_0078_locus_01|pep=QFU91022|orf=0005	lab_0078	core_c262dfa9fe	GSRGWGFEPGVRCLIWCD	rules_only	42	GSRGWGFEPGVRCLIWCD	9.15	1.0
core_c262dfa9fe|case=lab_0078|locus=lab_0078_locus_01|pep=QFU91022|orf=0006	lab_0078	core_c262dfa9fe	GSRGWGFEPGVRCLIWCD	rules_only	36	GSRGWGFEPGVRCLIWCD	9.15	1.0
core_c262dfa9fe|case=lab_0078|locus=lab_0078_locus_01|pep=QFU91022|orf=0007	lab_0078	core_c262dfa9fe	GSRGWGFEPGVRCLIWCD	rules_only	21			
core_cc0ec2e9af|case=lab_0079|locus=lab_0079_locus_01|pep=QFU91022|orf=0001	lab_0079	core_cc0ec2e9af	GGGGRGYEYNKQCLIFC	rules_only	41	GGGGRGYEYNKQCLIFC	9.15	1.0
core_cc0ec2e9af|case=lab_0079|locus=lab_0079_locus_01|pep=QFU91022|orf=0002	lab_0079	core_cc0ec2e9af	GGGGRGYEYNKQCLIFC	rules_only	29	GGGGRGYEYNKQCLIFC	9.15	1.0
core_fea6f9416a|case=lab_0081|locus=lab_0081_locus_01|pep=WP_157926355|orf=0001	lab_0081	core_fea6f9416a	GPKGDFPDVGDGRILAGLTDE	rules_only	43	GPKGDFPDVGDGRILAGLTDE	10.11	1.0
core_0f0209666f|case=lab_0083|locus=lab_0083_locus_01|pep=CBW73570|orf=0001	lab_0083	core_0f0209666f	GGSGKYKEAGVGRFLD	rules_only	86	GGSGKYKEAGVGRFLD	9.15	1.0
core_0f0209666f|case=lab_0083|locus=lab_0083_locus_01|pep=CBW73570|orf=0002	lab_0083	core_0f0209666f	GGSGKYKEAGVGRFLD	rules_only	66	GGSGKYKEAGVGRFLD	9.15	1.0
core_0f0209666f|case=lab_0083|locus=lab_0083_locus_01|pep=CBW73570|orf=0003	lab_0083	core_0f0209666f	GGSGKYKEAGVGRFLD	rules_only	47	GGSGKYKEAGVGRFLD	9.15	1.0
core_0f0209666f|case=lab_0083|locus=lab_0083_locus_01|pep=CBW73570|orf=0004	lab_0083	core_0f0209666f	GGSGKYKEAGVGRFLD	rules_only	41	GGSGKYKEAGVGRFLD	9.15	1.0
core_0f0209666f|case=lab_0083|locus=lab_0083_locus_01|pep=CBW73570|orf=0005	lab_0083	core_0f0209666f	GGSGKYKEAGVGRFLD	rules_only	33	GGSGKYKEAGVGRFLD	9.15	1.0
core_0f0209666f|case=lab_0083|locus=lab_0083_locus_01|pep=CBW73570|orf=0006	lab_0083	core_0f0209666f	GGSGKYKEAGVGRFLD	rules_only	32	GGSGKYKEAGVGRFLD	9.15	1.0
core_0f0209666f|case=lab_0083|locus=lab_0083_locus_01|pep=CBW73570|orf=0007	lab_0083	core_0f0209666f	GGSGKYKEAGVGRFLD	rules_only	26	GGSGKYKEAGVGRFLD	9.15	1.0
core_960391902b|case=lab_0084|locus=lab_0084_locus_01|pep=WP_030409713|orf=0001	lab_0084	core_960391902b	CLPSGDCPDFLGCGRAIWCI	rules_only	103	CLPSGDCPDFLGCGRAIWCI	9.8725	1.0
core_960391902b|case=lab_0084|locus=lab_0084_locus_01|pep=WP_030409713|orf=0002	lab_0084	core_960391902b	CLPSGDCPDFLGCGRAIWCI	rules_only	68	CLPSGDCPDFLGCGRAIWCI	9.8725	1.0
core_960391902b|case=lab_0084|locus=lab_0084_locus_01|pep=WP_030409713|orf=0003	lab_0084	core_960391902b	CLPSGDCPDFLGCGRAIWCI	rules_only	67	CLPSGDCPDFLGCGRAIWCI	9.8725	1.0
core_960391902b|case=lab_0084|locus=lab_0084_locus_01|pep=WP_030409713|orf=0004	lab_0084	core_960391902b	CLPSGDCPDFLGCGRAIWCI	rules_only	44	CLPSGDCPDFLGCGRAIWCI	9.8725	1.0
core_960391902b|case=lab_0084|locus=lab_0084_locus_01|pep=WP_030409713|orf=0005	lab_0084	core_960391902b	CLPSGDCPDFLGCGRAIWCI	rules_only	41	CLPSGDCPDFLGCGRAIWCI	9.8725	1.0
core_f910dc98cf|case=lab_0085|locus=lab_0085_locus_01|pep=WP_068757172|orf=0001	lab_0085	core_f910dc98cf	WIQGKWGLEIYLIFPRYL	rules_only	77	WIQGKWGLEIYLIFPRYL	8.5975	1.0
core_f910dc98cf|case=lab_0085|locus=lab_0085_locus_01|pep=WP_068757172|orf=0002	lab_0085	core_f910dc98cf	WIQGKWGLEIYLIFPRYL	rules_only	45	WIQGKWGLEIYLIFPRYL	8.5975	1.0
core_35b374fb46|case=lab_0086|locus=lab_0086_locus_01|pep=WP_157080172|orf=0001	lab_0086	core_35b374fb46	GAADDDTADMNTAKYY	rules_only	69	GAADDDTADMNTAKYY	9.9	1.0
core_35b374fb46|case=lab_0086|locus=lab_0086_locus_01|pep=WP_157080172|orf=0002	lab_0086	core_35b374fb46	GAADDDTADMNTAKYY	rules_only	58	GAADDDTADMNTAKYY	9.9	1.0
core_35b374fb46|case=lab_0086|locus=lab_0086_locus_01|pep=WP_157080172|orf=0003	lab_0086	core_35b374fb46	GAADDDTADMNTAKYY	rules_only	44	GAADDDTADMNTAKYY	9.9	1.0
core_35b374fb46|case=lab_0086|locus=lab_0086_locus_01|pep=WP_157080172|orf=0004	lab_0086	core_35b374fb46	GAADDDTADMNTAKYY	rules_only	38	GAADDDTADMNTAKYY	9.9	1.0
core_232db3024d|case=lab_0087|locus=lab_0087_locus_01|pep=WP_044677312|orf=0001	lab_0087	core_232db3024d	GLVAGSFRDIFGGRALFLIRI	rules_only	40	GLVAGSFRDIFGGRALFLIRI	9.4075	1.0
core_4fee0c79bf|case=lab_0090|locus=lab_0090_locus_01|pep=WP_068689555|orf=0001	lab_0090	core_4fee0c79bf	YKSGRGLELWLFLPRMV	rules_only	80	YKSGRGLELWLFLPRMV	8.83	1.0
core_4fee0c79bf|case=lab_0090|locus=lab_0090_locus_01|pep=WP_068689555|orf=0002	lab_0090	core_4fee0c79bf	YKSGRGLELWLFLPRMV	rules_only	45	YKSGRGLELWLFLPRMV	8.83	1.0
core_b118f2bbff|case=lab_0091|locus=lab_0091_locus_01|pep=WP_089970451|orf=0001	lab_0091	core_b118f2bbff	GSKYSDTADESSYRW	rules_only	34	GSKYSDTADESSYRW	9.9	1.0
core_b118f2bbff|case=lab_0091|locus=lab_0091_locus_01|pep=WP_089970451|orf=0002	lab_0091	core_b118f2bbff	GSKYSDTADESSYRW	rules_only	30	GSKYSDTADESSYRW	8.7	1.0
core_b118f2bbff|case=lab_0091|locus=lab_0091_locus_01|pep=WP_089970451|orf=0003	lab_0091	core_b118f2bbff	GSKYSDTADESSYRW	rules_only	27	GSKYSDTADESSYRW	8.7	1.0
core_c2c7f4653f|case=lab_0092|locus=lab_0092_locus_01|pep=EAT4894072|orf=0001	lab_0092	core_c2c7f4653f	GGRGHIAEYFSGPITQVSFYG	rules_only	53	GGRGHIAEYFSGPITQVSFYG	9.55	1.0
core_2cebe33b8b|case=lab_0094|locus=lab_0094_locus_01|pep=WP_125955261|orf=0001	lab_0094	core_2cebe33b8b	GPPGDRIEFGVLAQLPGLDRD	rules_only	114	GPPGDRIEFGVLAQLPGLDRD	9.55	1.0
core_2cebe33b8b|case=lab_0094|locus=lab_0094_locus_01|pep=WP_125955261|orf=0002	lab_0094	core_2cebe33b8b	GPPGDRIEFGVLAQLPGLDRD	rules_only	49	GPPGDRIEFGVLAQLPGLDRD	9.15	1.0
core_2cebe33b8b|case=lab_0094|locus=lab_0094_locus_01|pep=WP_125955261|orf=0003	lab_0094	core_2cebe33b8b	GPPGDRIEFGVLAQLPGLDRD	rules_only	43	GPPGDRIEFGVLAQLPGLDRD	9.15	1.0
core_7a52c0e44f|case=lab_0095|locus=lab_0095_locus_01|pep=WP_168905530|orf=0001	lab_0095	core_7a52c0e44f	GQAIVELDVSGGNLRFLPGIAAE	rules_only	48	GQAIVELDVSGGNLRFLPGIAAE	10.495000000000001	1.0
core_7a52c0e44f|case=lab_0095|locus=lab_0095_locus_01|pep=WP_168905530|orf=0002	lab_0095	core_7a52c0e44f	GQAIVELDVSGGNLRFLPGIAAE	rules_only	45	GQAIVELDVSGGNLRFLPGIAAE	10.495000000000001	1.0
core_18bdd45919|case=lab_0096|locus=lab_0096_locus_01|pep=WP_046889164|orf=0001	lab_0096	core_18bdd45919	GHSVDRIPEYFGPPGLPGPVLFYS	rules_only	74	GHSVDRIPEYFGPPGLPGPVLFYS	9.1	1.0
core_18bdd45919|case=lab_0096|locus=lab_0096_locus_01|pep=WP_046889164|orf=0002	lab_0096	core_18bdd45919	GHSVDRIPEYFGPPGLPGPVLFYS	rules_only	58	GHSVDRIPEYFGPPGLPGPVLFYS	9.1	1.0
core_18bdd45919|case=lab_0096|locus=lab_0096_locus_01|pep=WP_046889164|orf=0003	lab_0096	core_18bdd45919	GHSVDRIPEYFGPPGLPGPVLFYS	rules_only	56	GHSVDRIPEYFGPPGLPGPVLFYS	9.1	1.0
core_864e550daf|case=lab_0097|locus=lab_0097_locus_01|pep=WP_186368963|orf=0001	lab_0097	core_864e550daf	GMSGRIPDGFHGGRGF	rules_only	67	GMSGRIPDGFHGGRGF	9.865	1.0
core_864e550daf|case=lab_0097|locus=lab_0097_locus_01|pep=WP_186368963|orf=0002	lab_0097	core_864e550daf	GMSGRIPDGFHGGRGF	rules_only	54	GMSGRIPDGFHGGRGF	9.865	1.0
core_864e550daf|case=lab_0097|locus=lab_0097_locus_01|pep=WP_186368963|orf=0003	lab_0097	core_864e550daf	GMSGRIPDGFHGGRGF	rules_only	48	GMSGRIPDGFHGGRGF	9.865	1.0
core_864e550daf|case=lab_0097|locus=lab_0097_locus_01|pep=WP_186368963|orf=0004	lab_0097	core_864e550daf	GMSGRIPDGFHGGRGF	rules_only	47	GMSGRIPDGFHGGRGF	9.865	1.0
core_864e550daf|case=lab_0097|locus=lab_0097_locus_01|pep=WP_186368963|orf=0005	lab_0097	core_864e550daf	GMSGRIPDGFHGGRGF	rules_only	44	GMSGRIPDGFHGGRGF	9.865	1.0
core_864e550daf|case=lab_0097|locus=lab_0097_locus_02|pep=WP_186368963|orf=0001	lab_0097	core_864e550daf	GMSGRIPDGFHGGRGF	rules_only	67	GMSGRIPDGFHGGRGF	9.785	1.0
core_864e550daf|case=lab_0097|locus=lab_0097_locus_02|pep=WP_186368963|orf=0002	lab_0097	core_864e550daf	GMSGRIPDGFHGGRGF	rules_only	54	GMSGRIPDGFHGGRGF	9.785	1.0
core_864e550daf|case=lab_0097|locus=lab_0097_locus_02|pep=WP_186368963|orf=0003	lab_0097	core_864e550daf	GMSGRIPDGFHGGRGF	rules_only	48	GMSGRIPDGFHGGRGF	9.785	1.0
core_864e550daf|case=lab_0097|locus=lab_0097_locus_02|pep=WP_186368963|orf=0004	lab_0097	core_864e550daf	GMSGRIPDGFHGGRGF	rules_only	47	GMSGRIPDGFHGGRGF	9.785	1.0
core_864e550daf|case=lab_0097|locus=lab_0097_locus_02|pep=WP_186368963|orf=0005	lab_0097	core_864e550daf	GMSGRIPDGFHGGRGF	rules_only	44	GMSGRIPDGFHGGRGF	9.785	1.0
core_3cc82a49f1|case=lab_0098|locus=lab_0098_locus_01|pep=WP_042385006|orf=0001	lab_0098	core_3cc82a49f1	GGWGTVPDWFFNMKW	rules_only	42	GGWGTVPDWFFNMKW	10.5	1.0
core_3cc82a49f1|case=lab_0098|locus=lab_0098_locus_01|pep=WP_042385006|orf=0002	lab_0098	core_3cc82a49f1	GGWGTVPDWFFNMKW	rules_only	31	GGWGTVPDWFFNMKW	9.3	1.0
core_a7636c2c10|case=lab_0099|locus=lab_0099_locus_01|pep=RVT50611|orf=0001	lab_0099	core_a7636c2c10	GTIDPQNSEEHPVLSRRLEN	rules_only	88	GTIDPQNSEEHPVLSRRLEN	8.7	1.0
core_a7636c2c10|case=lab_0099|locus=lab_0099_locus_01|pep=RVT50611|orf=0002	lab_0099	core_a7636c2c10	GTIDPQNSEEHPVLSRRLEN	rules_only	68	GTIDPQNSEEHPVLSRRLEN	8.7	1.0
core_a7636c2c10|case=lab_0099|locus=lab_0099_locus_01|pep=RVT50611|orf=0003	lab_0099	core_a7636c2c10	GTIDPQNSEEHPVLSRRLEN	rules_only	67	GTIDPQNSEEHPVLSRRLEN	8.7	1.0
core_a7636c2c10|case=lab_0099|locus=lab_0099_locus_01|pep=RVT50611|orf=0004	lab_0099	core_a7636c2c10	GTIDPQNSEEHPVLSRRLEN	rules_only	65	GTIDPQNSEEHPVLSRRLEN	8.7	1.0
core_a7636c2c10|case=lab_0099|locus=lab_0099_locus_01|pep=RVT50611|orf=0005	lab_0099	core_a7636c2c10	GTIDPQNSEEHPVLSRRLEN	rules_only	40	GTIDPQNSEEHPVLSRRLEN	8.7	1.0
core_a7636c2c10|case=lab_0099|locus=lab_0099_locus_01|pep=RVT50611|orf=0006	lab_0099	core_a7636c2c10	GTIDPQNSEEHPVLSRRLEN	rules_only	23	SEEHPVLSRRLEN	-21.22	
core_4f11c58424|case=lab_0108|locus=lab_0108_locus_01|pep=WP_189061724|orf=0001	lab_0108	core_4f11c58424	GWWGANWDGPSGMRD	rules_only	41	GWWGANWDGPSGMRD	10.35	1.0
core_4f11c58424|case=lab_0108|locus=lab_0108_locus_01|pep=WP_189061724|orf=0002	lab_0108	core_4f11c58424	GWWGANWDGPSGMRD	rules_only	38	GWWGANWDGPSGMRD	10.35	1.0
core_4f11c58424|case=lab_0108|locus=lab_0108_locus_01|pep=WP_189061724|orf=0003	lab_0108	core_4f11c58424	GWWGANWDGPSGMRD	rules_only	24	WWGANWDGPSGMRD	6.48	
core_482156743b|case=lab_0109|locus=lab_0109_locus_01|pep=WP_082871451|orf=0001	lab_0109	core_482156743b	GWYGSQWDGPTGQRD	rules_only	50	GWYGSQWDGPTGQRD	10.35	1.0
core_482156743b|case=lab_0109|locus=lab_0109_locus_01|pep=WP_082871451|orf=0002	lab_0109	core_482156743b	GWYGSQWDGPTGQRD	rules_only	43	GWYGSQWDGPTGQRD	10.35	1.0
core_482156743b|case=lab_0109|locus=lab_0109_locus_01|pep=WP_082871451|orf=0003	lab_0109	core_482156743b	GWYGSQWDGPTGQRD	rules_only	38	GWYGSQWDGPTGQRD	10.35	1.0
core_482156743b|case=lab_0109|locus=lab_0109_locus_01|pep=WP_082871451|orf=0004	lab_0109	core_482156743b	GWYGSQWDGPTGQRD	rules_only	28	GWYGSQWDGPTGQRD	9.15	1.0
core_efbb2a3407|case=lab_0110|locus=lab_0110_locus_01|pep=WP_128118890|orf=0001	lab_0110	core_efbb2a3407	GVPGGGIIEGRYGVWSR	rules_only	62	GVPGGGIIEGRYGVWSR	8.8475	1.0
core_efbb2a3407|case=lab_0110|locus=lab_0110_locus_01|pep=WP_128118890|orf=0002	lab_0110	core_efbb2a3407	GVPGGGIIEGRYGVWSR	rules_only	61	GVPGGGIIEGRYGVWSR	8.8475	1.0
core_efbb2a3407|case=lab_0110|locus=lab_0110_locus_01|pep=WP_128118890|orf=0003	lab_0110	core_efbb2a3407	GVPGGGIIEGRYGVWSR	rules_only	46	GVPGGGIIEGRYGVWSR	8.8475	1.0
core_9f214398f0|case=lab_0111|locus=lab_0111_locus_01|pep=WP_090100307|orf=0001	lab_0111	core_9f214398f0	GIGSQNPWDTAWLWD	rules_only	83	GIGSQNPWDTAWLWD	9.1	1.0
core_9f214398f0|case=lab_0111|locus=lab_0111_locus_01|pep=WP_090100307|orf=0002	lab_0111	core_9f214398f0	GIGSQNPWDTAWLWD	rules_only	75	GIGSQNPWDTAWLWD	9.1	1.0
core_9f214398f0|case=lab_0111|locus=lab_0111_locus_01|pep=WP_090100307|orf=0003	lab_0111	core_9f214398f0	GIGSQNPWDTAWLWD	rules_only	68	GIGSQNPWDTAWLWD	8.7	1.0
core_9f214398f0|case=lab_0111|locus=lab_0111_locus_01|pep=WP_090100307|orf=0004	lab_0111	core_9f214398f0	GIGSQNPWDTAWLWD	rules_only	40	GIGSQNPWDTAWLWD	8.7	1.0
core_9f214398f0|case=lab_0111|locus=lab_0111_locus_01|pep=WP_090100307|orf=0005	lab_0111	core_9f214398f0	GIGSQNPWDTAWLWD	rules_only	27	GIGSQNPWDTAWLWD	8.7	1.0
core_41ddd24613|case=lab_0112|locus=lab_0112_locus_01|pep=WP_083705989|orf=0001	lab_0112	core_41ddd24613	GGSGQYREAGVGRFF	rules_only	46	GGSGQYREAGVGRFF	9.15	1.0
core_41ddd24613|case=lab_0112|locus=lab_0112_locus_01|pep=WP_083705989|orf=0002	lab_0112	core_41ddd24613	GGSGQYREAGVGRFF	rules_only	40	GGSGQYREAGVGRFF	9.15	1.0
core_41ddd24613|case=lab_0112|locus=lab_0112_locus_01|pep=WP_083705989|orf=0003	lab_0112	core_41ddd24613	GGSGQYREAGVGRFF	rules_only	36	GGSGQYREAGVGRFF	9.15	1.0
core_41ddd24613|case=lab_0112|locus=lab_0112_locus_01|pep=WP_083705989|orf=0004	lab_0112	core_41ddd24613	GGSGQYREAGVGRFF	rules_only	31	GGSGQYREAGVGRFF	9.15	1.0
core_41ddd24613|case=lab_0112|locus=lab_0112_locus_01|pep=WP_083705989|orf=0005	lab_0112	core_41ddd24613	GGSGQYREAGVGRFF	rules_only	25	GGSGQYREAGVGRFF	9.15	1.0
core_ae7b90972e|case=lab_0113|locus=lab_0113_locus_01|pep=WP_083705989|orf=0001	lab_0113	core_ae7b90972e	GGTGQYKEVGIGRFYDGA	rules_only	49	GGTGQYKEVGIGRFYDGA	9.15	1.0
core_ae7b90972e|case=lab_0113|locus=lab_0113_locus_01|pep=WP_083705989|orf=0002	lab_0113	core_ae7b90972e	GGTGQYKEVGIGRFYDGA	rules_only	39	GGTGQYKEVGIGRFYDGA	9.15	1.0
core_ae7b90972e|case=lab_0113|locus=lab_0113_locus_01|pep=WP_083705989|orf=0003	lab_0113	core_ae7b90972e	GGTGQYKEVGIGRFYDGA	rules_only	34	GGTGQYKEVGIGRFYDGA	9.15	1.0
core_ae7b90972e|case=lab_0113|locus=lab_0113_locus_01|pep=WP_083705989|orf=0004	lab_0113	core_ae7b90972e	GGTGQYKEVGIGRFYDGA	rules_only	28	GGTGQYKEVGIGRFYDGA	9.15	1.0
core_973306d538|case=lab_0114|locus=lab_0114_locus_01|pep=KUL11326|orf=0001	lab_0114	core_973306d538	SKKSKPGDGKFGRGVKRG	rules_only	41	SKKSKPGDGKFGRGVKRG	8.83	1.0
core_973306d538|case=lab_0114|locus=lab_0114_locus_01|pep=KUL11326|orf=0002	lab_0114	core_973306d538	SKKSKPGDGKFGRGVKRG	rules_only	38	SKKSKPGDGKFGRGVKRG	8.83	1.0
core_973306d538|case=lab_0114|locus=lab_0114_locus_01|pep=KUL11326|orf=0003	lab_0114	core_973306d538	SKKSKPGDGKFGRGVKRG	rules_only	35	SKKSKPGDGKFGRGVKRG	8.83	1.0
core_5e6873424c|case=lab_0115|locus=lab_0115_locus_01|pep=GGJ65058|orf=0001	lab_0115	core_5e6873424c	GPGFINNDGVGGKLPFAGLSDD	rules_only	45	GPGFINNDGVGGKLPFAGLSDD	9.33	1.0
core_1f05531a09|case=lab_0116|locus=lab_0116_locus_01|pep=WP_030301601|orf=0001	lab_0116	core_1f05531a09	WYGWASNDGEGTAII	rules_only	43	WYGWASNDGEGTAII	8.43	1.0
core_1f05531a09|case=lab_0116|locus=lab_0116_locus_01|pep=WP_030301601|orf=0002	lab_0116	core_1f05531a09	WYGWASNDGEGTAII	rules_only	40	WYGWASNDGEGTAII	8.43	1.0
core_1f05531a09|case=lab_0116|locus=lab_0116_locus_01|pep=WP_030301601|orf=0003	lab_0116	core_1f05531a09	WYGWASNDGEGTAII	rules_only	27	WYGWASNDGEGTAII	8.43	1.0
