candidate_id	case_id	core_group	core_aa	variant	precursor_len	top1_core	top1_score	top1_reasons	true_rank	true_score	true_reasons
core_4e12df58e7|case=lab_0027|locus=lab_0027_locus_01|pep=WP_013079672|orf=0002	lab_0027	core_4e12df58e7	GALVGLLLEDITVARYDPM	rules_only	28	ALVGLLLEDITVARYDPM	8.887500000000001	ring_closure:+4.95;core_length:+1.00;steric_lock:+1.00;core_start:+0.88;hydrophobicity:+0.72;leader_penultimate:-0.50;cleavage_motif:+0.44;charge_transition:+0.40			
core_53b7f53def|case=lab_0030|locus=lab_0030_locus_01|pep=BAI97836|orf=0004	lab_0030	core_53b7f53def	GPGGITGDVGLGENNFGLSDD	rules_only	25	GDVGLGENNFGLSDD	8.5	ring_closure:+4.50;core_start:+1.20;core_length:+1.00;steric_lock:+1.00;leader_penultimate:+0.40;charge_transition:+0.40			
core_730b29862f|case=lab_0034|locus=lab_0034_locus_01|pep=WP_010335837|orf=0002	lab_0034	core_730b29862f	GISGGTVDAPAGQGLAGILDD	rules_only	27	DAPAGQGLAGILDD	-19.78	ring_closure:-22.50;core_length:+1.00;leader_penultimate:+1.00;charge_transition:+0.40;core_start:+0.32			
core_b9e99058bd|case=lab_0043|locus=lab_0043_locus_01|pep=WP_003487129|orf=0003	lab_0043	core_b9e99058bd	GGAGAGEVNGMSPIAGISEE	rules_only	24	EVNGMSPIAGISEE	-21.29	ring_closure:-22.50;core_length:+1.00;leader_penultimate:-0.50;charge_transition:+0.40;core_start:+0.16;hydrophobicity:+0.15			
core_b5fd749c64|case=lab_0046|locus=lab_0046_locus_01|pep=ALT06555|orf=0003	lab_0046	core_b5fd749c64	GFGSKPLDSFGLNFF	rules_only	24	FGSKPLDSFGLNFF	6.32	ring_closure:+4.50;core_length:+1.00;steric_lock:+1.00;leader_penultimate:-0.50;core_start:+0.32			
core_12c3707a6c|case=lab_0051|locus=lab_0051_locus_01|pep=EHQ60563|orf=0002	lab_0051	core_12c3707a6c	AGPGTSTPDAFQPDPDEDVHYDS	rules_only	31	TPDAFQPDPDEDVHYDS	8.67	ring_closure:+4.95;core_length:+1.00;leader_penultimate:+1.00;steric_lock:+1.00;charge_transition:+0.40;core_start:+0.32			
core_12c3707a6c|case=lab_0051|locus=lab_0051_locus_01|pep=EHQ60563|orf=0003	lab_0051	core_12c3707a6c	AGPGTSTPDAFQPDPDEDVHYDS	rules_only	30	TPDAFQPDPDEDVHYDS	8.67	ring_closure:+4.95;core_length:+1.00;leader_penultimate:+1.00;steric_lock:+1.00;charge_transition:+0.40;core_start:+0.32			
core_12c3707a6c|case=lab_0051|locus=lab_0051_locus_01|pep=EHQ60563|orf=0004	lab_0051	core_12c3707a6c	AGPGTSTPDAFQPDPDEDVHYDS	rules_only	24	AFQPDPDEDVHYDS	7.73	ring_closure:+4.95;core_length:+1.00;steric_lock:+1.00;core_start:+0.88;leader_penultimate:-0.50;charge_transition:+0.40			
core_050c0246aa|case=lab_0052|locus=lab_0052_locus_01|pep=EPF88080|orf=0004	lab_0052	core_050c0246aa	GGKGPIFETWVTEGNYYG	rules_only	21						
core_1e48df89d9|case=lab_0058|locus=lab_0058_locus_01|pep=WP_026124932|orf=0002	lab_0058	core_1e48df89d9	GRPNWGFENDWSCVRVC	rules_only	26	NWGFENDWSCVRVC	6.32	ring_closure:+4.50;core_length:+1.00;steric_lock:+1.00;leader_penultimate:-0.50;charge_transition:+0.40;core_start:-0.08			
core_e886078a94|case=lab_0073|locus=lab_0073_locus_01|pep=WP_067228662|orf=0001	lab_0073	core_e886078a94	LAGGTAKDLLGGHQLI	rules_only	108	GLAGGTAKDLLGGHQLI	10.6125	ring_closure:+4.50;core_start:+1.20;leader_signature:+1.20;core_length:+1.00;leader_penultimate:+1.00;steric_lock:+1.00;charge_transition:+0.40;hydrophobicity:+0.31	2.0	10.44	ring_closure:+4.95;leader_signature:+1.20;core_length:+1.00;leader_penultimate:+1.00;steric_lock:+1.00;core_start:+0.48;hydrophobicity:+0.41;charge_transition:+0.40
core_e886078a94|case=lab_0073|locus=lab_0073_locus_01|pep=WP_067228662|orf=0002	lab_0073	core_e886078a94	LAGGTAKDLLGGHQLI	rules_only	83	GLAGGTAKDLLGGHQLI	10.6125	ring_closure:+4.50;core_start:+1.20;leader_signature:+1.20;core_length:+1.00;leader_penultimate:+1.00;steric_lock:+1.00;charge_transition:+0.40;hydrophobicity:+0.31	2.0	10.44	ring_closure:+4.95;leader_signature:+1.20;core_length:+1.00;leader_penultimate:+1.00;steric_lock:+1.00;core_start:+0.48;hydrophobicity:+0.41;charge_transition:+0.40
core_e886078a94|case=lab_0073|locus=lab_0073_locus_01|pep=WP_067228662|orf=0003	lab_0073	core_e886078a94	LAGGTAKDLLGGHQLI	rules_only	45	GLAGGTAKDLLGGHQLI	10.6125	ring_closure:+4.50;core_start:+1.20;leader_signature:+1.20;core_length:+1.00;leader_penultimate:+1.00;steric_lock:+1.00;charge_transition:+0.40;hydrophobicity:+0.31	2.0	10.44	ring_closure:+4.95;leader_signature:+1.20;core_length:+1.00;leader_penultimate:+1.00;steric_lock:+1.00;core_start:+0.48;hydrophobicity:+0.41;charge_transition:+0.40
core_e886078a94|case=lab_0073|locus=lab_0073_locus_01|pep=WP_067228662|orf=0004	lab_0073	core_e886078a94	LAGGTAKDLLGGHQLI	rules_only	37	GLAGGTAKDLLGGHQLI	10.6125	ring_closure:+4.50;core_start:+1.20;leader_signature:+1.20;core_length:+1.00;leader_penultimate:+1.00;steric_lock:+1.00;charge_transition:+0.40;hydrophobicity:+0.31	2.0	10.44	ring_closure:+4.95;leader_signature:+1.20;core_length:+1.00;leader_penultimate:+1.00;steric_lock:+1.00;core_start:+0.48;hydrophobicity:+0.41;charge_transition:+0.40
core_e886078a94|case=lab_0073|locus=lab_0073_locus_01|pep=WP_067228662|orf=0005	lab_0073	core_e886078a94	LAGGTAKDLLGGHQLI	rules_only	35	GLAGGTAKDLLGGHQLI	10.6125	ring_closure:+4.50;core_start:+1.20;leader_signature:+1.20;core_length:+1.00;leader_penultimate:+1.00;steric_lock:+1.00;charge_transition:+0.40;hydrophobicity:+0.31	2.0	10.44	ring_closure:+4.95;leader_signature:+1.20;core_length:+1.00;leader_penultimate:+1.00;steric_lock:+1.00;core_start:+0.48;hydrophobicity:+0.41;charge_transition:+0.40
core_c09113e945|case=lab_0074|locus=lab_0074_locus_01|pep=CQR60042|orf=0002	lab_0074	core_c09113e945	LYGVRNDEEINWHFDYWT	rules_only	58	GLGAFAEETGLYGVRNDEEINWHFDYWT	8.6975	ring_closure:+4.95;core_start:+1.20;steric_lock:+1.00;core_length:+0.50;leader_penultimate:+0.40;charge_transition:+0.40;hydrophobicity:+0.25	2.0	8.43	ring_closure:+4.95;core_length:+1.00;leader_penultimate:+1.00;steric_lock:+1.00;core_start:+0.48
core_c09113e945|case=lab_0074|locus=lab_0074_locus_01|pep=CQR60042|orf=0003	lab_0074	core_c09113e945	LYGVRNDEEINWHFDYWT	rules_only	43	GLGAFAEETGLYGVRNDEEINWHFDYWT	8.6975	ring_closure:+4.95;core_start:+1.20;steric_lock:+1.00;core_length:+0.50;leader_penultimate:+0.40;charge_transition:+0.40;hydrophobicity:+0.25	2.0	8.43	ring_closure:+4.95;core_length:+1.00;leader_penultimate:+1.00;steric_lock:+1.00;core_start:+0.48
core_c09113e945|case=lab_0074|locus=lab_0074_locus_01|pep=CQR60042|orf=0005	lab_0074	core_c09113e945	LYGVRNDEEINWHFDYWT	rules_only	27	GVRNDEEINWHFDYWT	7.6000000000000005	ring_closure:+4.50;core_start:+1.20;core_length:+1.00;steric_lock:+1.00;leader_penultimate:-0.50;charge_transition:+0.40			
core_6e53c2183b|case=lab_0075|locus=lab_0075_locus_01|pep=WP_058377878|orf=0004	lab_0075	core_6e53c2183b	GVLGNDAEGITLLPLCFKPICIPTLPPLTGGHA	rules_only	41	LGNDAEGITLLPLCFKPICIPTLPPLTGGHA	4.71	ring_closure:+2.70;steric_lock:+1.00;core_length:+0.50;leader_penultimate:-0.50;core_start:+0.48;charge_transition:+0.40;hydrophobicity:+0.13			
core_c21d0b04cf|case=lab_0077|locus=lab_0077_locus_01|pep=KVR35742|orf=0004	lab_0077	core_c21d0b04cf	GGDGSIAEYFNRPMHIHDWQIMDSGYYG	rules_only	37	GDGSIAEYFNRPMHIHDWQIMDSGYYG	7.58	ring_closure:+4.50;core_start:+1.20;steric_lock:+1.00;core_length:+0.50;leader_penultimate:-0.50;cleavage_motif:+0.48;charge_transition:+0.40			
core_c21d0b04cf|case=lab_0077|locus=lab_0077_locus_01|pep=KVR35742|orf=0005	lab_0077	core_c21d0b04cf	GGDGSIAEYFNRPMHIHDWQIMDSGYYG	rules_only	29	NRPMHIHDWQIMDSGYYG	6.37	ring_closure:+4.95;core_length:+1.00;steric_lock:+1.00;leader_penultimate:-0.50;core_start:-0.08			
core_c262dfa9fe|case=lab_0078|locus=lab_0078_locus_01|pep=QFU91022|orf=0007	lab_0078	core_c262dfa9fe	GSRGWGFEPGVRCLIWCD	rules_only	21						
core_a7636c2c10|case=lab_0099|locus=lab_0099_locus_01|pep=RVT50611|orf=0006	lab_0099	core_a7636c2c10	GTIDPQNSEEHPVLSRRLEN	rules_only	23	SEEHPVLSRRLEN	-21.22	ring_closure:-22.50;core_start:+0.88;core_length:+0.50;leader_penultimate:-0.50;charge_transition:+0.40			
core_4f11c58424|case=lab_0108|locus=lab_0108_locus_01|pep=WP_189061724|orf=0003	lab_0108	core_4f11c58424	GWWGANWDGPSGMRD	rules_only	24	WWGANWDGPSGMRD	6.48	ring_closure:+4.50;core_length:+1.00;steric_lock:+1.00;leader_penultimate:-0.50;core_start:+0.48			
