case_id	locus_id	locus_rank	case_ambiguous	locus_ambiguous	peptide_name	core_aa	core_group	peptidase_accession	assembly_accession	contig	peptidase_start	peptidase_end	peptidase_strand	window_start	window_end	gbk_path	matches_A	candidate_count	median_distance_nt	locus_span_nt
lab_0004	lab_0004_locus_01	1	True	True	Rp-71955 (siamycin III, aborycin)	CLGIGSCNDFAGCGYAVVCFW	core_fdc1ca0eac	WP_037640859	GCF_000709915.1	NZ_KL503830.1	4128200	4128626	+	4108200	4148626	/Users/magnusohle/Downloads/bgc_atlas/lassopeptides/genomes/GCF_000709915.1/NZ_KL503830.1.gb	1	966	2133.0	126
lab_0004	lab_0004_locus_02	2	True	True	Rp-71955 (siamycin III, aborycin)	CLGIGSCNDFAGCGYAVVCFW	core_fdc1ca0eac	WP_037640859	GCF_025427835.1	NZ_CP104864.1	4065979	4066405	+	4045979	4086405	/Users/magnusohle/Downloads/bgc_atlas/lassopeptides/genomes/GCF_025427835.1/NZ_CP104864.1.gb	1	987	2133.0	126
lab_0004	lab_0004_locus_03	3	True	True	Rp-71955 (siamycin III, aborycin)	CLGIGSCNDFAGCGYAVVCFW	core_fdc1ca0eac	WP_037640859	GCF_040300005.1	NZ_JBEPCZ010000022.1	19226	19652	+	0	39652	/Users/magnusohle/Downloads/bgc_atlas/lassopeptides/genomes/GCF_040300005.1/NZ_JBEPCZ010000022.1.gb	1	948	2133.0	126
lab_0004	lab_0004_locus_04	4	True	True	Rp-71955 (siamycin III, aborycin)	CLGIGSCNDFAGCGYAVVCFW	core_fdc1ca0eac	WP_037640859	GCF_040300465.1	NZ_JBEPDX010000025.1	84388	84814	-	64388	104064	/Users/magnusohle/Downloads/bgc_atlas/lassopeptides/genomes/GCF_040300465.1/NZ_JBEPDX010000025.1.gb	1	960	2133.0	126
lab_0004	lab_0004_locus_05	5	True	True	Rp-71955 (siamycin III, aborycin)	CLGIGSCNDFAGCGYAVVCFW	core_fdc1ca0eac	WP_037640859	GCF_042751475.1	NZ_JBHYWC010000004.1	282440	282866	+	262440	302866	/Users/magnusohle/Downloads/bgc_atlas/lassopeptides/genomes/GCF_042751475.1/NZ_JBHYWC010000004.1.gb	1	994	2133.0	126
lab_0004	lab_0004_locus_06	6	True	True	Rp-71955 (siamycin III, aborycin)	CLGIGSCNDFAGCGYAVVCFW	core_fdc1ca0eac	WP_037640859	GCF_042900865.1	NZ_JBIBBV010000013.1	33006	33432	-	13006	53432	/Users/magnusohle/Downloads/bgc_atlas/lassopeptides/genomes/GCF_042900865.1/NZ_JBIBBV010000013.1.gb	1	995	2133.0	126
lab_0004	lab_0004_locus_07	7	True	True	Rp-71955 (siamycin III, aborycin)	CLGIGSCNDFAGCGYAVVCFW	core_fdc1ca0eac	WP_037640859	GCF_044334245.1	NZ_JBIRSM010000002.1	512814	513240	+	492814	533240	/Users/magnusohle/Downloads/bgc_atlas/lassopeptides/genomes/GCF_044334245.1/NZ_JBIRSM010000002.1.gb	1	979	2133.0	126
lab_0004	lab_0004_locus_08	8	True	True	Rp-71955 (siamycin III, aborycin)	CLGIGSCNDFAGCGYAVVCFW	core_fdc1ca0eac	WP_037640859	GCF_044334295.1	NZ_JBIRSP010000002.1	512714	513140	+	492714	533140	/Users/magnusohle/Downloads/bgc_atlas/lassopeptides/genomes/GCF_044334295.1/NZ_JBIRSP010000002.1.gb	1	979	2133.0	126
lab_0004	lab_0004_locus_09	9	True	True	Rp-71955 (siamycin III, aborycin)	CLGIGSCNDFAGCGYAVVCFW	core_fdc1ca0eac	WP_037640859	GCF_044334315.1	NZ_JBIRSQ010000001.1	512714	513140	+	492714	533140	/Users/magnusohle/Downloads/bgc_atlas/lassopeptides/genomes/GCF_044334315.1/NZ_JBIRSQ010000001.1.gb	1	979	2133.0	126
lab_0004	lab_0004_locus_10	10	True	True	Rp-71955 (siamycin III, aborycin)	CLGIGSCNDFAGCGYAVVCFW	core_fdc1ca0eac	WP_037640859	GCF_044334375.1	NZ_JBIRSR010000002.1	512614	513040	+	492614	533040	/Users/magnusohle/Downloads/bgc_atlas/lassopeptides/genomes/GCF_044334375.1/NZ_JBIRSR010000002.1.gb	1	979	2133.0	126
lab_0004	lab_0004_locus_11	11	True	True	Rp-71955 (siamycin III, aborycin)	CLGIGSCNDFAGCGYAVVCFW	core_fdc1ca0eac	WP_037640859	GCF_042733705.1	NZ_JBHWFM010000032.1	41051	41477	+	21051	61477	/Users/magnusohle/Downloads/bgc_atlas/lassopeptides/genomes/GCF_042733705.1/NZ_JBHWFM010000032.1.gb	1	984	2247.0	126
lab_0009	lab_0009_locus_01	1	True	True	Siamycin I (MS-271) (NP-06)	CLGVGSCNDFAGCGYAIVCFW	core_ec9dd4826a	WP_043447676	GCF_000819545.1	NZ_CP009313.1	7659819	7660248	+	7639819	7680248	/Users/magnusohle/Downloads/bgc_atlas/lassopeptides/genomes/GCF_000819545.1/NZ_CP009313.1.gb	2	1277	2148.0	129
lab_0009	lab_0009_locus_02	2	True	True	Siamycin I (MS-271) (NP-06)	CLGVGSCNDFAGCGYAIVCFW	core_ec9dd4826a	WP_043447676	GCF_008704995.1	NZ_CP023747.1	7738674	7739103	+	7718674	7759103	/Users/magnusohle/Downloads/bgc_atlas/lassopeptides/genomes/GCF_008704995.1/NZ_CP023747.1.gb	2	1271	2148.0	129
lab_0009	lab_0009_locus_03	3	True	True	Siamycin I (MS-271) (NP-06)	CLGVGSCNDFAGCGYAIVCFW	core_ec9dd4826a	WP_043447676	GCF_014205035.1	NZ_JACHMR010000001.1	7649641	7650070	+	7629641	7670070	/Users/magnusohle/Downloads/bgc_atlas/lassopeptides/genomes/GCF_014205035.1/NZ_JACHMR010000001.1.gb	2	1271	2148.0	129
lab_0009	lab_0009_locus_04	4	True	True	Siamycin I (MS-271) (NP-06)	CLGVGSCNDFAGCGYAIVCFW	core_ec9dd4826a	WP_043447676	GCF_017352335.1	NZ_CP071465.1	140512	140941	-	120512	160941	/Users/magnusohle/Downloads/bgc_atlas/lassopeptides/genomes/GCF_017352335.1/NZ_CP071465.1.gb	2	1271	2148.0	129
lab_0009	lab_0009_locus_05	5	True	True	Siamycin I (MS-271) (NP-06)	CLGVGSCNDFAGCGYAIVCFW	core_ec9dd4826a	WP_043447676	GCF_040647655.1	NZ_JBEZCO010000014.1	22197	22626	-	2197	42626	/Users/magnusohle/Downloads/bgc_atlas/lassopeptides/genomes/GCF_040647655.1/NZ_JBEZCO010000014.1.gb	2	1271	2148.0	129
lab_0015	lab_0015_locus_01	1	False	False	Capistruin	GTPGFQTPDARVISRFGFN	core_4550de8771	AHI79402	GCA_000567945.1	CP004117.1	1016362	1017088	+	996362	1037088	/Users/magnusohle/Downloads/bgc_atlas/lassopeptides/genomes/GCA_000567945.1/CP004117.1.gb	2	931	77.0	141
lab_0016	lab_0016_locus_01	1	True	True	Sro15-2005	GYFVGSYKEYWSRRII	core_f938ac316c	WP_010071618	GCF_000156695.2	NZ_ABYX02000001.1	4346091	4346589	+	4326091	4366589	/Users/magnusohle/Downloads/bgc_atlas/lassopeptides/genomes/GCF_000156695.2/NZ_ABYX02000001.1.gb	4	1189	2352.0	183
lab_0016	lab_0016_locus_02	2	True	True	Sro15-2005	GYFVGSYKEYWSRRII	core_f938ac316c	WP_010071618	GCF_023716005.1	NZ_CP098609.1	3528319	3528817	-	3508319	3548817	/Users/magnusohle/Downloads/bgc_atlas/lassopeptides/genomes/GCF_023716005.1/NZ_CP098609.1.gb	4	1189	2352.0	183
lab_0016	lab_0016_locus_03	3	True	True	Sro15-2005	GYFVGSYKEYWSRRII	core_f938ac316c	WP_010071618	GCF_000156455.1	NZ_DS999644.1	4292479	4292977	+	4272479	4312977	/Users/magnusohle/Downloads/bgc_atlas/lassopeptides/genomes/GCF_000156455.1/NZ_DS999644.1.gb	4	1184	2514.0	183
lab_0016	lab_0016_locus_04	4	True	True	Sro15-2005	GYFVGSYKEYWSRRII	core_f938ac316c	WP_010071618	GCF_009862965.1	NZ_WWIP01000001.1	4292479	4292977	+	4272479	4312977	/Users/magnusohle/Downloads/bgc_atlas/lassopeptides/genomes/GCF_009862965.1/NZ_WWIP01000001.1.gb	4	1184	2514.0	183
lab_0017	lab_0017_locus_01	1	True	True	Sviceucin (SSV-2083)	CVWGGDCTDFLGCGTAWICV	core_4b9a687f24	WP_007385815	GCF_003443735.1	NZ_CP031969.1	1565565	1566063	-	1545565	1586063	/Users/magnusohle/Downloads/bgc_atlas/lassopeptides/genomes/GCF_003443735.1/NZ_CP031969.1.gb	2	1201	2206.0	168
lab_0017	lab_0017_locus_02	2	True	True	Sviceucin (SSV-2083)	CVWGGDCTDFLGCGTAWICV	core_4b9a687f24	WP_007385815	GCF_000154965.1	NZ_CM000951.1	7629139	7629637	+	7609139	7649637	/Users/magnusohle/Downloads/bgc_atlas/lassopeptides/genomes/GCF_000154965.1/NZ_CM000951.1.gb	2	1168	2249.0	168
lab_0017	lab_0017_locus_03	3	True	True	Sviceucin (SSV-2083)	CVWGGDCTDFLGCGTAWICV	core_4b9a687f24	WP_007385815	GCF_009862925.1	NZ_WWIM01000001.1	7629139	7629637	+	7609139	7649637	/Users/magnusohle/Downloads/bgc_atlas/lassopeptides/genomes/GCF_009862925.1/NZ_WWIM01000001.1.gb	2	1168	2249.0	168
lab_0018	lab_0018_locus_01	1	False	False	Astexin-1	GLSQGVEPDIGQTYFEESRINQD	core_db5ebc5eb9	WP_013479713	GCF_000175215.2	NC_014816.1	2414448	2415078	+	2394448	2435078	/Users/magnusohle/Downloads/bgc_atlas/lassopeptides/genomes/GCF_000175215.2/NC_014816.1.gb	2	1503	57.0	171
lab_0019	lab_0019_locus_01	1	False	False	Astexin-2	GLTQIQALDSVSGQFRDQLGLSAD	core_9a37b1085e	WP_049781719	GCF_000175215.2	NC_014817.1	78608	79316	-	58608	99316	/Users/magnusohle/Downloads/bgc_atlas/lassopeptides/genomes/GCF_000175215.2/NC_014817.1.gb	3	1523	427.0	150
lab_0020	lab_0020_locus_01	1	False	False	Astexin-3	GPTPMVGLDSVSGQYWDQHAPLAD	core_5853349d76	WP_049781719	GCF_000175215.2	NC_014817.1	78608	79316	-	58608	99316	/Users/magnusohle/Downloads/bgc_atlas/lassopeptides/genomes/GCF_000175215.2/NC_014817.1.gb	1	1523	148.0	147
lab_0021	lab_0021_locus_01	1	False	False	Burhizin	GGAGQYKEVEAGRWSDRIDSDDE	core_a200ddc43b	CBW74825	GCA_000198775.1	FR687359.1	1193118	1193949	-	1173118	1213949	/Users/magnusohle/Downloads/bgc_atlas/lassopeptides/genomes/GCA_000198775.1/FR687359.1.gb	3	1867	37.0	150
lab_0025	lab_0025_locus_01	1	True	True	Caulosegnin I	GAFVGQPEAVNPLGREIQG	core_0bb2a95525	WP_013079672	GCF_000092285.1	NC_014100.1	2811648	2812299	-	2791648	2832299	/Users/magnusohle/Downloads/bgc_atlas/lassopeptides/genomes/GCF_000092285.1/NC_014100.1.gb	3	1265	505.0	168
lab_0025	lab_0025_locus_02	2	True	True	Caulosegnin I	GAFVGQPEAVNPLGREIQG	core_0bb2a95525	WP_013079672	GCF_003015125.1	NZ_CP027850.1	2811525	2812176	-	2791525	2832176	/Users/magnusohle/Downloads/bgc_atlas/lassopeptides/genomes/GCF_003015125.1/NZ_CP027850.1.gb	3	1265	505.0	168
lab_0026	lab_0026_locus_01	1	True	True	Caulosegnin II	GTLTPGLPEDFLPGHYMPG	core_b58b26a551	WP_013079672	GCF_000092285.1	NC_014100.1	2811648	2812299	-	2791648	2832299	/Users/magnusohle/Downloads/bgc_atlas/lassopeptides/genomes/GCF_000092285.1/NC_014100.1.gb	1	1265	290.0	111
lab_0026	lab_0026_locus_02	2	True	True	Caulosegnin II	GTLTPGLPEDFLPGHYMPG	core_b58b26a551	WP_013079672	GCF_003015125.1	NZ_CP027850.1	2811525	2812176	-	2791525	2832176	/Users/magnusohle/Downloads/bgc_atlas/lassopeptides/genomes/GCF_003015125.1/NZ_CP027850.1.gb	1	1265	290.0	111
lab_0027	lab_0027_locus_01	1	True	True	Caulosegnin III	GALVGLLLEDITVARYDPM	core_4e12df58e7	WP_013079672	GCF_000092285.1	NC_014100.1	2811648	2812299	-	2791648	2832299	/Users/magnusohle/Downloads/bgc_atlas/lassopeptides/genomes/GCF_000092285.1/NC_014100.1.gb	2	1265	65.0	111
lab_0027	lab_0027_locus_02	2	True	True	Caulosegnin III	GALVGLLLEDITVARYDPM	core_4e12df58e7	WP_013079672	GCF_003015125.1	NZ_CP027850.1	2811525	2812176	-	2791525	2832176	/Users/magnusohle/Downloads/bgc_atlas/lassopeptides/genomes/GCF_003015125.1/NZ_CP027850.1.gb	2	1265	65.0	111
lab_0028	lab_0028_locus_01	1	False	False	Rhodanodin	GVLPIGNEFMGHAATPGITE	core_0ceca6b807	WP_008437215	GCF_000264375.1	NZ_AJXW01000057.1	1289	1958	+	0	21958	/Users/magnusohle/Downloads/bgc_atlas/lassopeptides/genomes/GCF_000264375.1/NZ_AJXW01000057.1.gb	2	906	55.0	162
lab_0029	lab_0029_locus_01	1	False	False	Rubrivinodin	GAPSLINSEDNPAFPQRV	core_c77ed0b6f4	WP_014426919	GCF_000284255.1	NC_017075.1	727972	728698	-	707972	748698	/Users/magnusohle/Downloads/bgc_atlas/lassopeptides/genomes/GCF_000284255.1/NC_017075.1.gb	2	1314	64.0	129
lab_0030	lab_0030_locus_01	1	False	False	Sphingonodin I	GPGGITGDVGLGENNFGLSDD	core_53b7f53def	BAI97836	GCA_000091125.1	AP010803.1	2987344	2988001	+	2967344	3008001	/Users/magnusohle/Downloads/bgc_atlas/lassopeptides/genomes/GCA_000091125.1/AP010803.1.gb	4	1748	56.0	126
lab_0031	lab_0031_locus_01	1	False	False	Sphingonodin II	GMGSGSTDQNGQPKNLIGGISDD	core_f0a2897045	BAI99048	GCA_000091125.1	AP010805.1	75727	75868	-	55727	95868	/Users/magnusohle/Downloads/bgc_atlas/lassopeptides/genomes/GCA_000091125.1/AP010805.1.gb	3	1623	0.0	150
lab_0032	lab_0032_locus_01	1	False	False	Sphingopyxin I	GIEPLGPVDEDQGEHYLFAGGITADD	core_1221a88e0d	ABF54241	GCA_000013985.1	CP000356.1	2673288	2673951	-	2653288	2693951	/Users/magnusohle/Downloads/bgc_atlas/lassopeptides/genomes/GCA_000013985.1/CP000356.1.gb	1	1601	43.0	132
lab_0033	lab_0033_locus_01	1	False	False	Sphingopyxin II	GEALIDQDVGGGRQQFLTGIAQD	core_37a41d5eb1	ABF54309	GCA_000013985.1	CP000356.1	2745549	2746209	-	2725549	2766209	/Users/magnusohle/Downloads/bgc_atlas/lassopeptides/genomes/GCA_000013985.1/CP000356.1.gb	3	1655	46.0	201
lab_0034	lab_0034_locus_01	1	False	False	Syanodin I	GISGGTVDAPAGQGLAGILDD	core_730b29862f	WP_010335837	GCF_000224695.1	NZ_AFXE01000022.1	131865	132528	+	111865	142572	/Users/magnusohle/Downloads/bgc_atlas/lassopeptides/genomes/GCF_000224695.1/NZ_AFXE01000022.1.gb	2	1230	109.0	132
lab_0035	lab_0035_locus_01	1	False	False	Zucinodin	GGIGGDFEDLNKPFDV	core_f9769217a8	ACG78808	GCA_000017265.1	CP000747.1	2733517	2734156	-	2713517	2754156	/Users/magnusohle/Downloads/bgc_atlas/lassopeptides/genomes/GCA_000017265.1/CP000747.1.gb	4	1176	45.0	153
lab_0041	lab_0041_locus_01	1	False	False	Xanthomonin I	GGPLAGEEIGGFNVPGISEE	core_348a8a07be	APP86192	GCA_001908775.1	CP018731.1	4543081	4543756	+	4523081	4563756	/Users/magnusohle/Downloads/bgc_atlas/lassopeptides/genomes/GCA_001908775.1/CP018731.1.gb	2	2002	304.0	138
lab_0042	lab_0042_locus_01	1	False	False	Xanthomonin II	GGPLAGEEMGGITTLGISQD	core_3c7b489fb5	APP86192	GCA_001908775.1	CP018731.1	4543081	4543756	+	4523081	4563756	/Users/magnusohle/Downloads/bgc_atlas/lassopeptides/genomes/GCA_001908775.1/CP018731.1.gb	5	2002	109.0	183
lab_0043	lab_0043_locus_01	1	True	True	Xanthomonin III	GGAGAGEVNGMSPIAGISEE	core_b9e99058bd	WP_003487129	GCF_000263335.1	NZ_CAHO01000029.1	40445	41123	-	20445	61123	/Users/magnusohle/Downloads/bgc_atlas/lassopeptides/genomes/GCF_000263335.1/NZ_CAHO01000029.1.gb	3	1655	50.0	147
lab_0043	lab_0043_locus_02	2	True	True	Xanthomonin III	GGAGAGEVNGMSPIAGISEE	core_b9e99058bd	WP_003487129	GCF_042638415.1	NZ_CP156913.1	1941459	1942137	-	1921459	1962137	/Users/magnusohle/Downloads/bgc_atlas/lassopeptides/genomes/GCF_042638415.1/NZ_CP156913.1.gb	3	1655	50.0	147
lab_0046	lab_0046_locus_01	1	False	False	Chaxapeptin	GFGSKPLDSFGLNFF	core_b5fd749c64	ALT06555	nan	KT305743.1	2823	3240	+	0	4083	/Users/magnusohle/Downloads/bgc_atlas/lassopeptides/genomes/nan/KT305743.1.gb	3	144	2062.0	132
lab_0047	lab_0047_locus_01	1	False	False	Streptomonomicin	SLGSSPYNDILGYPALIVIYP	core_313d83b2ec	WP_040271203	GCF_000826685.1	NZ_JROO01000009.1	11214	11646	-	0	31646	/Users/magnusohle/Downloads/bgc_atlas/lassopeptides/genomes/GCF_000826685.1/NZ_JROO01000009.1.gb	3	1174	2293.0	174
lab_0048	lab_0048_locus_01	1	False	False	Sphaericin	GLPIGWWIERPSGWYFPI	core_5d3eec3159	GAT69131	GCA_001653075.1	BDCX01000012.1	160816	161251	+	140816	181251	/Users/magnusohle/Downloads/bgc_atlas/lassopeptides/genomes/GCA_001653075.1/BDCX01000012.1.gb	1	1285	2350.0	117
lab_0049	lab_0049_locus_01	1	True	True	Achromosin	GIGSQTWDTIWLWD	core_b8ece69c14	WP_037654156	GCF_040646515.1	NZ_JBEZAJ010000064.1	6269	6722	-	0	18845	/Users/magnusohle/Downloads/bgc_atlas/lassopeptides/genomes/GCF_040646515.1/NZ_JBEZAJ010000064.1.gb	4	550	1879.0	195
lab_0049	lab_0049_locus_02	2	True	True	Achromosin	GIGSQTWDTIWLWD	core_b8ece69c14	WP_037654156	GCF_040702825.1	NZ_JBFBMY010000008.1	302856	303309	-	282856	323309	/Users/magnusohle/Downloads/bgc_atlas/lassopeptides/genomes/GCF_040702825.1/NZ_JBFBMY010000008.1.gb	4	1114	1879.0	195
lab_0049	lab_0049_locus_03	3	True	True	Achromosin	GIGSQTWDTIWLWD	core_b8ece69c14	WP_037654156	GCF_043084125.1	NZ_JBIBZK010000001.1	884303	884756	-	864303	904756	/Users/magnusohle/Downloads/bgc_atlas/lassopeptides/genomes/GCF_043084125.1/NZ_JBIBZK010000001.1.gb	4	1132	1879.0	195
lab_0049	lab_0049_locus_04	4	True	True	Achromosin	GIGSQTWDTIWLWD	core_b8ece69c14	WP_037654156	GCF_044547265.1	NZ_JBIUAE010000004.1	608492	608945	-	588492	628945	/Users/magnusohle/Downloads/bgc_atlas/lassopeptides/genomes/GCF_044547265.1/NZ_JBIUAE010000004.1.gb	4	1130	1879.0	195
lab_0050	lab_0050_locus_01	1	False	False	Actinokineosin	GYPFWDNRDIFGGYTFIG	core_c5a7a226ce	EWC60869	GCA_000564855.1	AYXG01000139.1	79317	79701	-	59317	99701	/Users/magnusohle/Downloads/bgc_atlas/lassopeptides/genomes/GCA_000564855.1/AYXG01000139.1.gb	5	950	2182.0	351
lab_0051	lab_0051_locus_01	1	False	False	Paeninodin	AGPGTSTPDAFQPDPDEDVHYDS	core_12c3707a6c	EHQ60563	GCA_000245555.2	AHKH01000064.1	26477	26906	+	6477	46906	/Users/magnusohle/Downloads/bgc_atlas/lassopeptides/genomes/GCA_000245555.2/AHKH01000064.1.gb	4	1566	1374.0	126
lab_0052	lab_0052_locus_01	1	False	False	Acinetodin	GGKGPIFETWVTEGNYYG	core_050c0246aa	EPF88080	GCA_000413855.1	ATGG01000011.1	243290	243950	-	223290	263950	/Users/magnusohle/Downloads/bgc_atlas/lassopeptides/genomes/GCA_000413855.1/ATGG01000011.1.gb	4	1327	68.0	150
lab_0053	lab_0053_locus_01	1	True	True	Anantin B	GFIGWGNDIFGHYSGGF	core_ac83a85627	WP_031104469	GCF_000720505.1	NZ_JOAW01000056.1	3631	4063	-	0	24063	/Users/magnusohle/Downloads/bgc_atlas/lassopeptides/genomes/GCF_000720505.1/NZ_JOAW01000056.1.gb	2	628	1855.0	186
lab_0053	lab_0053_locus_02	2	True	True	Anantin B	GFIGWGNDIFGHYSGGF	core_ac83a85627	WP_031104469	GCF_049844695.1	NZ_JBNCLN010000012.1	6253	6685	-	0	26685	/Users/magnusohle/Downloads/bgc_atlas/lassopeptides/genomes/GCF_049844695.1/NZ_JBNCLN010000012.1.gb	2	702	2122.0	186
lab_0054	lab_0054_locus_01	1	True	True	Benenodin-1	GVGFGRPDSILTQEQAKPMGLDRD	core_26c3b82883	WP_018082339	GCF_000376105.1	NZ_AQWM01000013.1	22818	23496	+	2818	43496	/Users/magnusohle/Downloads/bgc_atlas/lassopeptides/genomes/GCF_000376105.1/NZ_AQWM01000013.1.gb	3	1607	61.0	174
lab_0054	lab_0054_locus_02	2	True	True	Benenodin-1	GVGFGRPDSILTQEQAKPMGLDRD	core_26c3b82883	WP_018082339	GCF_000495775.1	NZ_AWGB01000012.1	87027	87705	-	67027	107705	/Users/magnusohle/Downloads/bgc_atlas/lassopeptides/genomes/GCF_000495775.1/NZ_AWGB01000012.1.gb	3	1607	61.0	174
lab_0055	lab_0055_locus_01	1	True	True	Citrulassin A	LLGLAGNDRLVLSKN	core_fbeee6538a	WP_064068688	GCF_001646665.1	NZ_LWBU01000091.1	109086	109533	-	89086	129533	/Users/magnusohle/Downloads/bgc_atlas/lassopeptides/genomes/GCF_001646665.1/NZ_LWBU01000091.1.gb	3	959	2135.0	198
lab_0055	lab_0055_locus_02	2	True	True	Citrulassin A	LLGLAGNDRLVLSKN	core_fbeee6538a	WP_064068688	GCF_049539545.1	NZ_JBMVCG010000010.1	184024	184471	+	164024	204471	/Users/magnusohle/Downloads/bgc_atlas/lassopeptides/genomes/GCF_049539545.1/NZ_JBMVCG010000010.1.gb	3	959	2135.0	198
lab_0055	lab_0055_locus_03	3	True	True	Citrulassin A	LLGLAGNDRLVLSKN	core_fbeee6538a	WP_064068688	GCF_049541735.1	NZ_JBMVDI010000003.1	438902	439349	-	418902	459349	/Users/magnusohle/Downloads/bgc_atlas/lassopeptides/genomes/GCF_049541735.1/NZ_JBMVDI010000003.1.gb	3	954	2135.0	198
lab_0056	lab_0056_locus_01	1	True	True	Klebsidin	GSDGPIIEFFNPNGVMHYG	core_9cc4df377f	WP_023288230	GCF_000492375.1	NZ_KI535436.1	16467	17085	+	0	37085	/Users/magnusohle/Downloads/bgc_atlas/lassopeptides/genomes/GCF_000492375.1/NZ_KI535436.1.gb	3	1290	69.0	135
lab_0056	lab_0056_locus_02	2	True	True	Klebsidin	GSDGPIIEFFNPNGVMHYG	core_9cc4df377f	WP_023288230	GCF_000699325.1	NZ_JDWO01000067.1	18434	19052	+	0	23432	/Users/magnusohle/Downloads/bgc_atlas/lassopeptides/genomes/GCF_000699325.1/NZ_JDWO01000067.1.gb	3	776	69.0	135
lab_0056	lab_0056_locus_03	3	True	True	Klebsidin	GSDGPIIEFFNPNGVMHYG	core_9cc4df377f	WP_023288230	GCF_000809125.1	NZ_JAPZ01000035.1	2171	2789	+	0	6478	/Users/magnusohle/Downloads/bgc_atlas/lassopeptides/genomes/GCF_000809125.1/NZ_JAPZ01000035.1.gb	3	166	69.0	135
lab_0056	lab_0056_locus_04	4	True	True	Klebsidin	GSDGPIIEFFNPNGVMHYG	core_9cc4df377f	WP_023288230	GCF_001463685.1	NZ_LNIR01000037.1	3512	4130	-	0	21243	/Users/magnusohle/Downloads/bgc_atlas/lassopeptides/genomes/GCF_001463685.1/NZ_LNIR01000037.1.gb	3	692	69.0	135
lab_0056	lab_0056_locus_05	5	True	True	Klebsidin	GSDGPIIEFFNPNGVMHYG	core_9cc4df377f	WP_023288230	GCF_001950635.1	NZ_BDLF01000031.1	4303	4921	-	0	16543	/Users/magnusohle/Downloads/bgc_atlas/lassopeptides/genomes/GCF_001950635.1/NZ_BDLF01000031.1.gb	3	556	69.0	135
lab_0056	lab_0056_locus_06	6	True	True	Klebsidin	GSDGPIIEFFNPNGVMHYG	core_9cc4df377f	WP_023288230	GCF_002153155.1	NZ_NGTK01000002.1	181141	181759	+	161141	201759	/Users/magnusohle/Downloads/bgc_atlas/lassopeptides/genomes/GCF_002153155.1/NZ_NGTK01000002.1.gb	3	1390	69.0	135
lab_0056	lab_0056_locus_07	7	True	True	Klebsidin	GSDGPIIEFFNPNGVMHYG	core_9cc4df377f	WP_023288230	GCF_002173955.1	NZ_MOSN01000321.1	8041	8659	+	0	12163	/Users/magnusohle/Downloads/bgc_atlas/lassopeptides/genomes/GCF_002173955.1/NZ_MOSN01000321.1.gb	3	377	69.0	135
lab_0056	lab_0056_locus_08	8	True	True	Klebsidin	GSDGPIIEFFNPNGVMHYG	core_9cc4df377f	WP_023288230	GCF_002187405.1	NZ_NFXS01000003.1	4359	4977	-	0	24977	/Users/magnusohle/Downloads/bgc_atlas/lassopeptides/genomes/GCF_002187405.1/NZ_NFXS01000003.1.gb	3	822	69.0	135
lab_0056	lab_0056_locus_09	9	True	True	Klebsidin	GSDGPIIEFFNPNGVMHYG	core_9cc4df377f	WP_023288230	GCF_002237985.1	NZ_NBIK01000057.1	7115	7733	+	0	11926	/Users/magnusohle/Downloads/bgc_atlas/lassopeptides/genomes/GCF_002237985.1/NZ_NBIK01000057.1.gb	3	372	69.0	135
lab_0056	lab_0056_locus_10	10	True	True	Klebsidin	GSDGPIIEFFNPNGVMHYG	core_9cc4df377f	WP_023288230	GCF_002855175.1	NZ_NCNZ01000068.1	1158	1776	-	0	9348	/Users/magnusohle/Downloads/bgc_atlas/lassopeptides/genomes/GCF_002855175.1/NZ_NCNZ01000068.1.gb	3	296	69.0	135
lab_0056	lab_0056_locus_11	11	True	True	Klebsidin	GSDGPIIEFFNPNGVMHYG	core_9cc4df377f	WP_023288230	GCF_002855465.1	NZ_PJOO01000046.1	251	869	-	0	12850	/Users/magnusohle/Downloads/bgc_atlas/lassopeptides/genomes/GCF_002855465.1/NZ_PJOO01000046.1.gb	3	442	69.0	135
lab_0056	lab_0056_locus_12	12	True	True	Klebsidin	GSDGPIIEFFNPNGVMHYG	core_9cc4df377f	WP_023288230	GCF_002866615.1	NZ_NICG01000013.1	64512	65130	+	44512	85130	/Users/magnusohle/Downloads/bgc_atlas/lassopeptides/genomes/GCF_002866615.1/NZ_NICG01000013.1.gb	3	1445	69.0	135
lab_0056	lab_0056_locus_13	13	True	True	Klebsidin	GSDGPIIEFFNPNGVMHYG	core_9cc4df377f	WP_023288230	GCF_002886595.1	NZ_PGHM01000050.1	7083	7701	+	0	10863	/Users/magnusohle/Downloads/bgc_atlas/lassopeptides/genomes/GCF_002886595.1/NZ_PGHM01000050.1.gb	3	339	69.0	135
lab_0056	lab_0056_locus_14	14	True	True	Klebsidin	GSDGPIIEFFNPNGVMHYG	core_9cc4df377f	WP_023288230	GCF_002886965.1	NZ_PGID01000057.1	2015	2633	+	0	6970	/Users/magnusohle/Downloads/bgc_atlas/lassopeptides/genomes/GCF_002886965.1/NZ_PGID01000057.1.gb	3	183	69.0	135
lab_0056	lab_0056_locus_15	15	True	True	Klebsidin	GSDGPIIEFFNPNGVMHYG	core_9cc4df377f	WP_023288230	GCF_003384975.1	NZ_QTZT01000043.1	3554	4172	-	0	16165	/Users/magnusohle/Downloads/bgc_atlas/lassopeptides/genomes/GCF_003384975.1/NZ_QTZT01000043.1.gb	3	539	69.0	135
lab_0056	lab_0056_locus_16	16	True	True	Klebsidin	GSDGPIIEFFNPNGVMHYG	core_9cc4df377f	WP_023288230	GCF_003384985.1	NZ_QTZW01000041.1	12255	12873	+	0	13202	/Users/magnusohle/Downloads/bgc_atlas/lassopeptides/genomes/GCF_003384985.1/NZ_QTZW01000041.1.gb	3	454	69.0	135
lab_0056	lab_0056_locus_17	17	True	True	Klebsidin	GSDGPIIEFFNPNGVMHYG	core_9cc4df377f	WP_023288230	GCF_003385025.1	NZ_QTZY01000110.1	982	1600	-	0	1883	/Users/magnusohle/Downloads/bgc_atlas/lassopeptides/genomes/GCF_003385025.1/NZ_QTZY01000110.1.gb	3	48	69.0	135
lab_0056	lab_0056_locus_18	18	True	True	Klebsidin	GSDGPIIEFFNPNGVMHYG	core_9cc4df377f	WP_023288230	GCF_003386835.1	NZ_QTZS01000039.1	131	749	-	0	13459	/Users/magnusohle/Downloads/bgc_atlas/lassopeptides/genomes/GCF_003386835.1/NZ_QTZS01000039.1.gb	3	466	69.0	135
lab_0056	lab_0056_locus_19	19	True	True	Klebsidin	GSDGPIIEFFNPNGVMHYG	core_9cc4df377f	WP_023288230	GCF_003386925.1	NZ_QTZR01000038.1	11988	12606	+	0	13280	/Users/magnusohle/Downloads/bgc_atlas/lassopeptides/genomes/GCF_003386925.1/NZ_QTZR01000038.1.gb	3	452	69.0	135
lab_0056	lab_0056_locus_20	20	True	True	Klebsidin	GSDGPIIEFFNPNGVMHYG	core_9cc4df377f	WP_023288230	GCF_003386935.1	NZ_QTZU01000038.1	4197	4815	-	0	23038	/Users/magnusohle/Downloads/bgc_atlas/lassopeptides/genomes/GCF_003386935.1/NZ_QTZU01000038.1.gb	3	804	69.0	135
lab_0056	lab_0056_locus_21	21	True	True	Klebsidin	GSDGPIIEFFNPNGVMHYG	core_9cc4df377f	WP_023288230	GCF_003386995.1	NZ_QTZV01000062.1	3554	4172	-	0	4477	/Users/magnusohle/Downloads/bgc_atlas/lassopeptides/genomes/GCF_003386995.1/NZ_QTZV01000062.1.gb	3	126	69.0	135
lab_0056	lab_0056_locus_22	22	True	True	Klebsidin	GSDGPIIEFFNPNGVMHYG	core_9cc4df377f	WP_023288230	GCF_003387005.1	NZ_QTZZ01000034.1	3554	4172	-	0	24172	/Users/magnusohle/Downloads/bgc_atlas/lassopeptides/genomes/GCF_003387005.1/NZ_QTZZ01000034.1.gb	3	840	69.0	135
lab_0056	lab_0056_locus_23	23	True	True	Klebsidin	GSDGPIIEFFNPNGVMHYG	core_9cc4df377f	WP_023288230	GCF_003391015.1	NZ_QUAA01000052.1	74	692	-	0	12665	/Users/magnusohle/Downloads/bgc_atlas/lassopeptides/genomes/GCF_003391015.1/NZ_QUAA01000052.1.gb	3	439	69.0	135
lab_0056	lab_0056_locus_24	24	True	True	Klebsidin	GSDGPIIEFFNPNGVMHYG	core_9cc4df377f	WP_023288230	GCF_003432165.1	NZ_CP031801.1	86958	87576	-	66958	107576	/Users/magnusohle/Downloads/bgc_atlas/lassopeptides/genomes/GCF_003432165.1/NZ_CP031801.1.gb	3	1415	69.0	135
lab_0056	lab_0056_locus_25	25	True	True	Klebsidin	GSDGPIIEFFNPNGVMHYG	core_9cc4df377f	WP_023288230	GCF_003988975.1	NZ_PJQN01000110.1	131	749	-	0	1045	/Users/magnusohle/Downloads/bgc_atlas/lassopeptides/genomes/GCF_003988975.1/NZ_PJQN01000110.1.gb	3	26	69.0	135
lab_0056	lab_0056_locus_26	26	True	True	Klebsidin	GSDGPIIEFFNPNGVMHYG	core_9cc4df377f	WP_023288230	GCF_003988985.1	NZ_PJQO01000153.1	210	828	+	0	1084	/Users/magnusohle/Downloads/bgc_atlas/lassopeptides/genomes/GCF_003988985.1/NZ_PJQO01000153.1.gb	3	26	69.0	135
lab_0056	lab_0056_locus_27	27	True	True	Klebsidin	GSDGPIIEFFNPNGVMHYG	core_9cc4df377f	WP_023288230	GCF_004294635.1	NZ_SHTW01000039.1	16476	17094	+	0	17296	/Users/magnusohle/Downloads/bgc_atlas/lassopeptides/genomes/GCF_004294635.1/NZ_SHTW01000039.1.gb	3	599	69.0	135
lab_0056	lab_0056_locus_28	28	True	True	Klebsidin	GSDGPIIEFFNPNGVMHYG	core_9cc4df377f	WP_023288230	GCF_010602695.1	NZ_VKZF01000029.1	4151	4769	-	0	24769	/Users/magnusohle/Downloads/bgc_atlas/lassopeptides/genomes/GCF_010602695.1/NZ_VKZF01000029.1.gb	3	821	69.0	135
lab_0056	lab_0056_locus_29	29	True	True	Klebsidin	GSDGPIIEFFNPNGVMHYG	core_9cc4df377f	WP_023288230	GCF_012102535.1	NZ_JAAVSQ010000048.1	3554	4172	-	0	7517	/Users/magnusohle/Downloads/bgc_atlas/lassopeptides/genomes/GCF_012102535.1/NZ_JAAVSQ010000048.1.gb	3	208	69.0	135
lab_0056	lab_0056_locus_30	30	True	True	Klebsidin	GSDGPIIEFFNPNGVMHYG	core_9cc4df377f	WP_023288230	GCF_013169875.1	NZ_SWHQ01000121.1	1790	2408	+	0	3629	/Users/magnusohle/Downloads/bgc_atlas/lassopeptides/genomes/GCF_013169875.1/NZ_SWHQ01000121.1.gb	3	94	69.0	135
lab_0056	lab_0056_locus_31	31	True	True	Klebsidin	GSDGPIIEFFNPNGVMHYG	core_9cc4df377f	WP_023288230	GCF_016634975.1	NZ_WMMG01000036.1	4066	4684	-	0	6878	/Users/magnusohle/Downloads/bgc_atlas/lassopeptides/genomes/GCF_016634975.1/NZ_WMMG01000036.1.gb	3	182	69.0	135
lab_0056	lab_0056_locus_32	32	True	True	Klebsidin	GSDGPIIEFFNPNGVMHYG	core_9cc4df377f	WP_023288230	GCF_016644005.1	NZ_JAAFFC010000049.1	8811	9429	+	0	12933	/Users/magnusohle/Downloads/bgc_atlas/lassopeptides/genomes/GCF_016644005.1/NZ_JAAFFC010000049.1.gb	3	399	69.0	135
lab_0056	lab_0056_locus_33	33	True	True	Klebsidin	GSDGPIIEFFNPNGVMHYG	core_9cc4df377f	WP_023288230	GCF_016762215.1	NZ_JACSFT010000031.1	11236	11854	+	0	15358	/Users/magnusohle/Downloads/bgc_atlas/lassopeptides/genomes/GCF_016762215.1/NZ_JACSFT010000031.1.gb	3	488	69.0	135
lab_0056	lab_0056_locus_34	34	True	True	Klebsidin	GSDGPIIEFFNPNGVMHYG	core_9cc4df377f	WP_023288230	GCF_016860165.1	NZ_BGPI01000104.1	4341	4959	-	0	15339	/Users/magnusohle/Downloads/bgc_atlas/lassopeptides/genomes/GCF_016860165.1/NZ_BGPI01000104.1.gb	3	502	69.0	135
lab_0056	lab_0056_locus_35	35	True	True	Klebsidin	GSDGPIIEFFNPNGVMHYG	core_9cc4df377f	WP_023288230	GCF_017592675.1	NZ_JAGFMZ010000067.1	3504	4122	-	0	15359	/Users/magnusohle/Downloads/bgc_atlas/lassopeptides/genomes/GCF_017592675.1/NZ_JAGFMZ010000067.1.gb	3	499	69.0	135
lab_0056	lab_0056_locus_36	36	True	True	Klebsidin	GSDGPIIEFFNPNGVMHYG	core_9cc4df377f	WP_023288230	GCF_018402945.1	NZ_BLSK01000103.1	237	855	-	0	1125	/Users/magnusohle/Downloads/bgc_atlas/lassopeptides/genomes/GCF_018402945.1/NZ_BLSK01000103.1.gb	3	27	69.0	135
lab_0056	lab_0056_locus_37	37	True	True	Klebsidin	GSDGPIIEFFNPNGVMHYG	core_9cc4df377f	WP_023288230	GCF_018446665.1	NZ_JAFIAD010000030.1	23005	23623	-	3005	34855	/Users/magnusohle/Downloads/bgc_atlas/lassopeptides/genomes/GCF_018446665.1/NZ_JAFIAD010000030.1.gb	3	1050	69.0	135
lab_0056	lab_0056_locus_38	38	True	True	Klebsidin	GSDGPIIEFFNPNGVMHYG	core_9cc4df377f	WP_023288230	GCF_018447615.1	NZ_JAFIBA010000039.1	11232	11850	+	0	15354	/Users/magnusohle/Downloads/bgc_atlas/lassopeptides/genomes/GCF_018447615.1/NZ_JAFIBA010000039.1.gb	3	488	69.0	135
lab_0056	lab_0056_locus_39	39	True	True	Klebsidin	GSDGPIIEFFNPNGVMHYG	core_9cc4df377f	WP_023288230	GCF_019401505.1	NZ_WTDT01000031.1	1962	2580	+	0	6007	/Users/magnusohle/Downloads/bgc_atlas/lassopeptides/genomes/GCF_019401505.1/NZ_WTDT01000031.1.gb	3	151	69.0	135
lab_0056	lab_0056_locus_40	40	True	True	Klebsidin	GSDGPIIEFFNPNGVMHYG	core_9cc4df377f	WP_023288230	GCF_019975195.1	NZ_BPUG01000023.1	70780	71398	+	50780	75791	/Users/magnusohle/Downloads/bgc_atlas/lassopeptides/genomes/GCF_019975195.1/NZ_BPUG01000023.1.gb	3	826	69.0	135
lab_0056	lab_0056_locus_41	41	True	True	Klebsidin	GSDGPIIEFFNPNGVMHYG	core_9cc4df377f	WP_023288230	GCF_020514935.1	NZ_JAJAKE010000063.1	12892	13510	+	0	17028	/Users/magnusohle/Downloads/bgc_atlas/lassopeptides/genomes/GCF_020514935.1/NZ_JAJAKE010000063.1.gb	3	630	69.0	135
lab_0056	lab_0056_locus_42	42	True	True	Klebsidin	GSDGPIIEFFNPNGVMHYG	core_9cc4df377f	WP_023288230	GCF_020731345.1	NZ_JAJFOX010000024.1	43810	44428	+	23810	48758	/Users/magnusohle/Downloads/bgc_atlas/lassopeptides/genomes/GCF_020731345.1/NZ_JAJFOX010000024.1.gb	3	823	69.0	135
lab_0056	lab_0056_locus_43	43	True	True	Klebsidin	GSDGPIIEFFNPNGVMHYG	core_9cc4df377f	WP_023288230	GCF_021163975.1	NZ_JACXBO010000017.1	4282	4900	-	0	24900	/Users/magnusohle/Downloads/bgc_atlas/lassopeptides/genomes/GCF_021163975.1/NZ_JACXBO010000017.1.gb	3	791	69.0	135
lab_0056	lab_0056_locus_44	44	True	True	Klebsidin	GSDGPIIEFFNPNGVMHYG	core_9cc4df377f	WP_023288230	GCF_021262465.1	NZ_JAJRKE010000034.1	3554	4172	-	0	11535	/Users/magnusohle/Downloads/bgc_atlas/lassopeptides/genomes/GCF_021262465.1/NZ_JAJRKE010000034.1.gb	3	354	69.0	135
lab_0056	lab_0056_locus_45	45	True	True	Klebsidin	GSDGPIIEFFNPNGVMHYG	core_9cc4df377f	WP_023288230	GCF_024355635.1	NZ_JAKEPZ010000020.1	3554	4172	-	0	24172	/Users/magnusohle/Downloads/bgc_atlas/lassopeptides/genomes/GCF_024355635.1/NZ_JAKEPZ010000020.1.gb	3	784	69.0	135
lab_0056	lab_0056_locus_46	46	True	True	Klebsidin	GSDGPIIEFFNPNGVMHYG	core_9cc4df377f	WP_023288230	GCF_024356505.1	NZ_JAKERF010000011.1	4583	5201	-	0	25201	/Users/magnusohle/Downloads/bgc_atlas/lassopeptides/genomes/GCF_024356505.1/NZ_JAKERF010000011.1.gb	3	845	69.0	135
lab_0056	lab_0056_locus_47	47	True	True	Klebsidin	GSDGPIIEFFNPNGVMHYG	core_9cc4df377f	WP_023288230	GCF_024517685.1	NZ_JAHMPO010000016.1	4381	4999	-	0	24999	/Users/magnusohle/Downloads/bgc_atlas/lassopeptides/genomes/GCF_024517685.1/NZ_JAHMPO010000016.1.gb	3	838	69.0	135
lab_0056	lab_0056_locus_48	48	True	True	Klebsidin	GSDGPIIEFFNPNGVMHYG	core_9cc4df377f	WP_023288230	GCF_024651225.1	NZ_JANKKD010000019.1	105030	105648	+	85030	109819	/Users/magnusohle/Downloads/bgc_atlas/lassopeptides/genomes/GCF_024651225.1/NZ_JANKKD010000019.1.gb	3	835	69.0	135
lab_0056	lab_0056_locus_49	49	True	True	Klebsidin	GSDGPIIEFFNPNGVMHYG	core_9cc4df377f	WP_023288230	GCF_024813445.1	NZ_JALJAC010000039.1	3554	4172	-	0	6259	/Users/magnusohle/Downloads/bgc_atlas/lassopeptides/genomes/GCF_024813445.1/NZ_JALJAC010000039.1.gb	3	161	69.0	135
lab_0056	lab_0056_locus_50	50	True	True	Klebsidin	GSDGPIIEFFNPNGVMHYG	core_9cc4df377f	WP_023288230	GCF_026223155.1	NZ_JAOCON010000047.1	16424	17042	+	0	20524	/Users/magnusohle/Downloads/bgc_atlas/lassopeptides/genomes/GCF_026223155.1/NZ_JAOCON010000047.1.gb	3	663	69.0	135
lab_0056	lab_0056_locus_51	51	True	True	Klebsidin	GSDGPIIEFFNPNGVMHYG	core_9cc4df377f	WP_023288230	GCF_026224055.1	NZ_JAPJJJ010000054.1	3427	4045	-	0	9023	/Users/magnusohle/Downloads/bgc_atlas/lassopeptides/genomes/GCF_026224055.1/NZ_JAPJJJ010000054.1.gb	3	252	69.0	135
lab_0056	lab_0056_locus_52	52	True	True	Klebsidin	GSDGPIIEFFNPNGVMHYG	core_9cc4df377f	WP_023288230	GCF_026224385.1	NZ_JAPJKA010000019.1	72051	72669	+	52051	76096	/Users/magnusohle/Downloads/bgc_atlas/lassopeptides/genomes/GCF_026224385.1/NZ_JAPJKA010000019.1.gb	3	780	69.0	135
lab_0056	lab_0056_locus_53	53	True	True	Klebsidin	GSDGPIIEFFNPNGVMHYG	core_9cc4df377f	WP_023288230	GCF_026413095.1	NZ_JAODXY010000011.1	196083	196701	+	176083	201753	/Users/magnusohle/Downloads/bgc_atlas/lassopeptides/genomes/GCF_026413095.1/NZ_JAODXY010000011.1.gb	3	807	69.0	135
lab_0056	lab_0056_locus_54	54	True	True	Klebsidin	GSDGPIIEFFNPNGVMHYG	core_9cc4df377f	WP_023288230	GCF_027723045.1	NZ_JAQDRT010000029.1	3480	4098	-	0	21007	/Users/magnusohle/Downloads/bgc_atlas/lassopeptides/genomes/GCF_027723045.1/NZ_JAQDRT010000029.1.gb	3	685	69.0	135
lab_0056	lab_0056_locus_55	55	True	True	Klebsidin	GSDGPIIEFFNPNGVMHYG	core_9cc4df377f	WP_023288230	GCF_030128085.1	NZ_JAKUZR010000025.1	702	1320	+	0	5729	/Users/magnusohle/Downloads/bgc_atlas/lassopeptides/genomes/GCF_030128085.1/NZ_JAKUZR010000025.1.gb	3	159	69.0	135
lab_0056	lab_0056_locus_56	56	True	True	Klebsidin	GSDGPIIEFFNPNGVMHYG	core_9cc4df377f	WP_023288230	GCF_033336115.1	NZ_JAWOWZ010000025.1	31380	31998	-	11380	32684	/Users/magnusohle/Downloads/bgc_atlas/lassopeptides/genomes/GCF_033336115.1/NZ_JAWOWZ010000025.1.gb	3	755	69.0	135
lab_0056	lab_0056_locus_57	57	True	True	Klebsidin	GSDGPIIEFFNPNGVMHYG	core_9cc4df377f	WP_023288230	GCF_035787135.1	NZ_JALKTM010000014.1	7363	7981	+	0	27981	/Users/magnusohle/Downloads/bgc_atlas/lassopeptides/genomes/GCF_035787135.1/NZ_JALKTM010000014.1.gb	3	974	69.0	135
lab_0056	lab_0056_locus_58	58	True	True	Klebsidin	GSDGPIIEFFNPNGVMHYG	core_9cc4df377f	WP_023288230	GCF_036033255.1	NZ_JAYXHO010000061.1	52931	53549	+	32931	57831	/Users/magnusohle/Downloads/bgc_atlas/lassopeptides/genomes/GCF_036033255.1/NZ_JAYXHO010000061.1.gb	3	842	69.0	135
lab_0056	lab_0056_locus_59	59	True	True	Klebsidin	GSDGPIIEFFNPNGVMHYG	core_9cc4df377f	WP_023288230	GCF_036417685.1	NZ_CP143916.1	70678	71296	-	50678	91296	/Users/magnusohle/Downloads/bgc_atlas/lassopeptides/genomes/GCF_036417685.1/NZ_CP143916.1.gb	3	1404	69.0	135
lab_0056	lab_0056_locus_60	60	True	True	Klebsidin	GSDGPIIEFFNPNGVMHYG	core_9cc4df377f	WP_023288230	GCF_036529675.1	NZ_JARCWD010000030.1	7553	8171	+	0	11598	/Users/magnusohle/Downloads/bgc_atlas/lassopeptides/genomes/GCF_036529675.1/NZ_JARCWD010000030.1.gb	3	363	69.0	135
lab_0056	lab_0056_locus_61	61	True	True	Klebsidin	GSDGPIIEFFNPNGVMHYG	core_9cc4df377f	WP_023288230	GCF_036529695.1	NZ_JARCWC010000027.1	3427	4045	-	0	11598	/Users/magnusohle/Downloads/bgc_atlas/lassopeptides/genomes/GCF_036529695.1/NZ_JARCWC010000027.1.gb	3	363	69.0	135
lab_0056	lab_0056_locus_62	62	True	True	Klebsidin	GSDGPIIEFFNPNGVMHYG	core_9cc4df377f	WP_023288230	GCF_036529855.1	NZ_JARCVQ010000030.1	7553	8171	+	0	11598	/Users/magnusohle/Downloads/bgc_atlas/lassopeptides/genomes/GCF_036529855.1/NZ_JARCVQ010000030.1.gb	3	363	69.0	135
lab_0056	lab_0056_locus_63	63	True	True	Klebsidin	GSDGPIIEFFNPNGVMHYG	core_9cc4df377f	WP_023288230	GCF_036530435.1	NZ_JARCXL010000077.1	7553	8171	+	0	8367	/Users/magnusohle/Downloads/bgc_atlas/lassopeptides/genomes/GCF_036530435.1/NZ_JARCXL010000077.1.gb	3	272	69.0	135
lab_0056	lab_0056_locus_64	64	True	True	Klebsidin	GSDGPIIEFFNPNGVMHYG	core_9cc4df377f	WP_023288230	GCF_036530455.1	NZ_JARCXO010000064.1	171	789	-	0	8342	/Users/magnusohle/Downloads/bgc_atlas/lassopeptides/genomes/GCF_036530455.1/NZ_JARCXO010000064.1.gb	3	272	69.0	135
lab_0056	lab_0056_locus_65	65	True	True	Klebsidin	GSDGPIIEFFNPNGVMHYG	core_9cc4df377f	WP_023288230	GCF_036530515.1	NZ_JARCXR010000057.1	7553	8171	+	0	11598	/Users/magnusohle/Downloads/bgc_atlas/lassopeptides/genomes/GCF_036530515.1/NZ_JARCXR010000057.1.gb	3	363	69.0	135
lab_0056	lab_0056_locus_66	66	True	True	Klebsidin	GSDGPIIEFFNPNGVMHYG	core_9cc4df377f	WP_023288230	GCF_036530655.1	NZ_JARCXV010000058.1	3427	4045	-	0	11598	/Users/magnusohle/Downloads/bgc_atlas/lassopeptides/genomes/GCF_036530655.1/NZ_JARCXV010000058.1.gb	3	363	69.0	135
lab_0056	lab_0056_locus_67	67	True	True	Klebsidin	GSDGPIIEFFNPNGVMHYG	core_9cc4df377f	WP_023288230	GCF_036530715.1	NZ_JARCYB010000074.1	53	671	-	0	8113	/Users/magnusohle/Downloads/bgc_atlas/lassopeptides/genomes/GCF_036530715.1/NZ_JARCYB010000074.1.gb	3	263	69.0	135
lab_0056	lab_0056_locus_68	68	True	True	Klebsidin	GSDGPIIEFFNPNGVMHYG	core_9cc4df377f	WP_023288230	GCF_036530795.1	NZ_JARCYE010000059.1	3427	4045	-	0	11598	/Users/magnusohle/Downloads/bgc_atlas/lassopeptides/genomes/GCF_036530795.1/NZ_JARCYE010000059.1.gb	3	363	69.0	135
lab_0056	lab_0056_locus_69	69	True	True	Klebsidin	GSDGPIIEFFNPNGVMHYG	core_9cc4df377f	WP_023288230	GCF_040061265.1	NZ_JBEAGT010000061.1	49102	49720	+	29102	53891	/Users/magnusohle/Downloads/bgc_atlas/lassopeptides/genomes/GCF_040061265.1/NZ_JBEAGT010000061.1.gb	3	827	69.0	135
lab_0056	lab_0056_locus_70	70	True	True	Klebsidin	GSDGPIIEFFNPNGVMHYG	core_9cc4df377f	WP_023288230	GCF_040061445.1	NZ_JBEAGR010000053.1	4171	4789	-	0	24789	/Users/magnusohle/Downloads/bgc_atlas/lassopeptides/genomes/GCF_040061445.1/NZ_JBEAGR010000053.1.gb	3	827	69.0	135
lab_0056	lab_0056_locus_71	71	True	True	Klebsidin	GSDGPIIEFFNPNGVMHYG	core_9cc4df377f	WP_023288230	GCF_040061875.1	NZ_JBEAGV010000056.1	64827	65445	+	44827	69616	/Users/magnusohle/Downloads/bgc_atlas/lassopeptides/genomes/GCF_040061875.1/NZ_JBEAGV010000056.1.gb	3	827	69.0	135
lab_0056	lab_0056_locus_72	72	True	True	Klebsidin	GSDGPIIEFFNPNGVMHYG	core_9cc4df377f	WP_023288230	GCF_041679125.1	NZ_JBGEVG010000098.1	10923	11541	+	0	11724	/Users/magnusohle/Downloads/bgc_atlas/lassopeptides/genomes/GCF_041679125.1/NZ_JBGEVG010000098.1.gb	3	386	69.0	135
lab_0056	lab_0056_locus_73	73	True	True	Klebsidin	GSDGPIIEFFNPNGVMHYG	core_9cc4df377f	WP_023288230	GCF_042256275.1	NZ_CP170119.1	141971	142589	-	121971	146367	/Users/magnusohle/Downloads/bgc_atlas/lassopeptides/genomes/GCF_042256275.1/NZ_CP170119.1.gb	3	829	69.0	135
lab_0056	lab_0056_locus_74	74	True	True	Klebsidin	GSDGPIIEFFNPNGVMHYG	core_9cc4df377f	WP_023288230	GCF_042583625.1	NZ_JBHOLT010000019.1	7289	7907	+	0	11334	/Users/magnusohle/Downloads/bgc_atlas/lassopeptides/genomes/GCF_042583625.1/NZ_JBHOLT010000019.1.gb	3	347	69.0	135
lab_0056	lab_0056_locus_75	75	True	True	Klebsidin	GSDGPIIEFFNPNGVMHYG	core_9cc4df377f	WP_023288230	GCF_043636175.1	NZ_CP171483.1	69356	69974	-	49356	89974	/Users/magnusohle/Downloads/bgc_atlas/lassopeptides/genomes/GCF_043636175.1/NZ_CP171483.1.gb	3	1445	69.0	135
lab_0056	lab_0056_locus_76	76	True	True	Klebsidin	GSDGPIIEFFNPNGVMHYG	core_9cc4df377f	WP_023288230	GCF_043861795.1	NZ_JBINLB010000020.1	7216	7834	+	0	11898	/Users/magnusohle/Downloads/bgc_atlas/lassopeptides/genomes/GCF_043861795.1/NZ_JBINLB010000020.1.gb	3	374	69.0	135
lab_0056	lab_0056_locus_77	77	True	True	Klebsidin	GSDGPIIEFFNPNGVMHYG	core_9cc4df377f	WP_023288230	GCF_043862885.1	NZ_JBINMD010000012.1	4359	4977	-	0	24977	/Users/magnusohle/Downloads/bgc_atlas/lassopeptides/genomes/GCF_043862885.1/NZ_JBINMD010000012.1.gb	3	835	69.0	135
lab_0056	lab_0056_locus_78	78	True	True	Klebsidin	GSDGPIIEFFNPNGVMHYG	core_9cc4df377f	WP_023288230	GCF_045566855.1	NZ_JBJLMA010000083.1	721	1339	+	0	4766	/Users/magnusohle/Downloads/bgc_atlas/lassopeptides/genomes/GCF_045566855.1/NZ_JBJLMA010000083.1.gb	3	125	69.0	135
lab_0056	lab_0056_locus_79	79	True	True	Klebsidin	GSDGPIIEFFNPNGVMHYG	core_9cc4df377f	WP_023288230	GCF_046557795.1	NZ_JBJZPN010000026.1	16372	16990	+	0	20417	/Users/magnusohle/Downloads/bgc_atlas/lassopeptides/genomes/GCF_046557795.1/NZ_JBJZPN010000026.1.gb	3	662	69.0	135
lab_0056	lab_0056_locus_80	80	True	True	Klebsidin	GSDGPIIEFFNPNGVMHYG	core_9cc4df377f	WP_023288230	GCF_046557815.1	NZ_JBJZPM010000020.1	3427	4045	-	0	24045	/Users/magnusohle/Downloads/bgc_atlas/lassopeptides/genomes/GCF_046557815.1/NZ_JBJZPM010000020.1.gb	3	777	69.0	135
lab_0056	lab_0056_locus_81	81	True	True	Klebsidin	GSDGPIIEFFNPNGVMHYG	core_9cc4df377f	WP_023288230	GCF_046580995.1	NZ_CP172752.1	132323	132941	-	112323	152941	/Users/magnusohle/Downloads/bgc_atlas/lassopeptides/genomes/GCF_046580995.1/NZ_CP172752.1.gb	3	1573	69.0	135
lab_0056	lab_0056_locus_82	82	True	True	Klebsidin	GSDGPIIEFFNPNGVMHYG	core_9cc4df377f	WP_023288230	GCF_047498955.1	NZ_JAXBAP010000049.1	8041	8659	+	0	12163	/Users/magnusohle/Downloads/bgc_atlas/lassopeptides/genomes/GCF_047498955.1/NZ_JAXBAP010000049.1.gb	3	377	69.0	135
lab_0056	lab_0056_locus_83	83	True	True	Klebsidin	GSDGPIIEFFNPNGVMHYG	core_9cc4df377f	WP_023288230	GCF_047916375.1	NZ_JBLRIR010000014.1	119818	120436	+	99818	124829	/Users/magnusohle/Downloads/bgc_atlas/lassopeptides/genomes/GCF_047916375.1/NZ_JBLRIR010000014.1.gb	3	839	69.0	135
lab_0056	lab_0056_locus_84	84	True	True	Klebsidin	GSDGPIIEFFNPNGVMHYG	core_9cc4df377f	WP_023288230	GCF_047916415.1	NZ_JBLRIS010000014.1	4393	5011	-	0	25011	/Users/magnusohle/Downloads/bgc_atlas/lassopeptides/genomes/GCF_047916415.1/NZ_JBLRIS010000014.1.gb	3	839	69.0	135
lab_0056	lab_0056_locus_85	85	True	True	Klebsidin	GSDGPIIEFFNPNGVMHYG	core_9cc4df377f	WP_023288230	GCF_048586125.1	NZ_JBMAVJ010000010.1	199054	199672	+	179054	203954	/Users/magnusohle/Downloads/bgc_atlas/lassopeptides/genomes/GCF_048586125.1/NZ_JBMAVJ010000010.1.gb	3	789	69.0	135
lab_0056	lab_0056_locus_86	86	True	True	Klebsidin	GSDGPIIEFFNPNGVMHYG	core_9cc4df377f	WP_023288230	GCF_048957175.1	NZ_JAYWRP010000035.1	3427	4045	-	0	20417	/Users/magnusohle/Downloads/bgc_atlas/lassopeptides/genomes/GCF_048957175.1/NZ_JAYWRP010000035.1.gb	3	662	69.0	135
lab_0056	lab_0056_locus_87	87	True	True	Klebsidin	GSDGPIIEFFNPNGVMHYG	core_9cc4df377f	WP_023288230	GCF_048957235.1	NZ_JAYWRN010000034.1	16373	16991	+	0	20418	/Users/magnusohle/Downloads/bgc_atlas/lassopeptides/genomes/GCF_048957235.1/NZ_JAYWRN010000034.1.gb	3	662	69.0	135
lab_0056	lab_0056_locus_88	88	True	True	Klebsidin	GSDGPIIEFFNPNGVMHYG	core_9cc4df377f	WP_023288230	GCF_048964655.1	NZ_JAYWQU010000023.1	60688	61306	+	40688	64810	/Users/magnusohle/Downloads/bgc_atlas/lassopeptides/genomes/GCF_048964655.1/NZ_JAYWQU010000023.1.gb	3	777	69.0	135
lab_0056	lab_0056_locus_89	89	True	True	Klebsidin	GSDGPIIEFFNPNGVMHYG	core_9cc4df377f	WP_023288230	GCF_050880565.1	NZ_JBNZBK010000067.1	721	1339	+	0	4766	/Users/magnusohle/Downloads/bgc_atlas/lassopeptides/genomes/GCF_050880565.1/NZ_JBNZBK010000067.1.gb	3	125	69.0	135
lab_0056	lab_0056_locus_90	90	True	True	Klebsidin	GSDGPIIEFFNPNGVMHYG	core_9cc4df377f	WP_023288230	GCF_051409875.1	NZ_JBOIKF010000025.1	4393	5011	-	0	7272	/Users/magnusohle/Downloads/bgc_atlas/lassopeptides/genomes/GCF_051409875.1/NZ_JBOIKF010000025.1.gb	3	215	69.0	135
lab_0056	lab_0056_locus_91	91	True	True	Klebsidin	GSDGPIIEFFNPNGVMHYG	core_9cc4df377f	WP_023288230	GCF_051452805.1	NZ_JBPAND010000003.1	176728	177346	-	156728	197346	/Users/magnusohle/Downloads/bgc_atlas/lassopeptides/genomes/GCF_051452805.1/NZ_JBPAND010000003.1.gb	3	1433	69.0	135
lab_0056	lab_0056_locus_92	92	True	True	Klebsidin	GSDGPIIEFFNPNGVMHYG	core_9cc4df377f	WP_023288230	GCF_052996235.1	NZ_JBFCVD010000003.1	23695	24313	+	3695	44313	/Users/magnusohle/Downloads/bgc_atlas/lassopeptides/genomes/GCF_052996235.1/NZ_JBFCVD010000003.1.gb	3	1402	69.0	135
lab_0056	lab_0056_locus_93	93	True	True	Klebsidin	GSDGPIIEFFNPNGVMHYG	core_9cc4df377f	WP_023288230	GCF_900084835.1	NZ_FLDK01000024.1	3499	4117	-	0	21110	/Users/magnusohle/Downloads/bgc_atlas/lassopeptides/genomes/GCF_900084835.1/NZ_FLDK01000024.1.gb	3	681	69.0	135
lab_0056	lab_0056_locus_94	94	True	True	Klebsidin	GSDGPIIEFFNPNGVMHYG	core_9cc4df377f	WP_023288230	GCF_900494155.1	NZ_UIRF01000034.1	3552	4170	-	0	11584	/Users/magnusohle/Downloads/bgc_atlas/lassopeptides/genomes/GCF_900494155.1/NZ_UIRF01000034.1.gb	3	354	69.0	135
lab_0056	lab_0056_locus_95	95	True	True	Klebsidin	GSDGPIIEFFNPNGVMHYG	core_9cc4df377f	WP_023288230	GCF_900494675.1	NZ_UFGY01000020.1	8551	9169	-	0	16765	/Users/magnusohle/Downloads/bgc_atlas/lassopeptides/genomes/GCF_900494675.1/NZ_UFGY01000020.1.gb	3	555	69.0	135
lab_0056	lab_0056_locus_96	96	True	True	Klebsidin	GSDGPIIEFFNPNGVMHYG	core_9cc4df377f	WP_023288230	GCF_900498635.1	NZ_UIEL01000023.1	3554	4172	-	0	21270	/Users/magnusohle/Downloads/bgc_atlas/lassopeptides/genomes/GCF_900498635.1/NZ_UIEL01000023.1.gb	3	697	69.0	135
lab_0056	lab_0056_locus_97	97	True	True	Klebsidin	GSDGPIIEFFNPNGVMHYG	core_9cc4df377f	WP_023288230	GCF_900501165.1	NZ_UITH01000034.1	3520	4138	-	0	11467	/Users/magnusohle/Downloads/bgc_atlas/lassopeptides/genomes/GCF_900501165.1/NZ_UITH01000034.1.gb	3	349	69.0	135
lab_0056	lab_0056_locus_98	98	True	True	Klebsidin	GSDGPIIEFFNPNGVMHYG	core_9cc4df377f	WP_023288230	GCF_900501355.1	NZ_UITX01000034.1	3520	4138	-	0	8850	/Users/magnusohle/Downloads/bgc_atlas/lassopeptides/genomes/GCF_900501355.1/NZ_UITX01000034.1.gb	3	250	69.0	135
lab_0056	lab_0056_locus_99	99	True	True	Klebsidin	GSDGPIIEFFNPNGVMHYG	core_9cc4df377f	WP_023288230	GCF_900501505.1	NZ_UIUQ01000031.1	3520	4138	-	0	8924	/Users/magnusohle/Downloads/bgc_atlas/lassopeptides/genomes/GCF_900501505.1/NZ_UIUQ01000031.1.gb	3	252	69.0	135
lab_0056	lab_0056_locus_100	100	True	True	Klebsidin	GSDGPIIEFFNPNGVMHYG	core_9cc4df377f	WP_023288230	GCF_900502405.1	NZ_UIYT01000029.1	3520	4138	-	0	11467	/Users/magnusohle/Downloads/bgc_atlas/lassopeptides/genomes/GCF_900502405.1/NZ_UIYT01000029.1.gb	3	349	69.0	135
lab_0056	lab_0056_locus_101	101	True	True	Klebsidin	GSDGPIIEFFNPNGVMHYG	core_9cc4df377f	WP_023288230	GCF_900503385.1	NZ_UJBX01000024.1	3520	4138	-	0	24138	/Users/magnusohle/Downloads/bgc_atlas/lassopeptides/genomes/GCF_900503385.1/NZ_UJBX01000024.1.gb	3	777	69.0	135
lab_0056	lab_0056_locus_102	102	True	True	Klebsidin	GSDGPIIEFFNPNGVMHYG	core_9cc4df377f	WP_023288230	GCF_900506655.1	NZ_UJOJ01000013.1	196039	196657	+	176039	201032	/Users/magnusohle/Downloads/bgc_atlas/lassopeptides/genomes/GCF_900506655.1/NZ_UJOJ01000013.1.gb	3	807	69.0	135
lab_0056	lab_0056_locus_103	103	True	True	Klebsidin	GSDGPIIEFFNPNGVMHYG	core_9cc4df377f	WP_023288230	GCF_900510665.1	NZ_UKDX01000020.1	4375	4993	-	0	24993	/Users/magnusohle/Downloads/bgc_atlas/lassopeptides/genomes/GCF_900510665.1/NZ_UKDX01000020.1.gb	3	769	69.0	135
lab_0056	lab_0056_locus_104	104	True	True	Klebsidin	GSDGPIIEFFNPNGVMHYG	core_9cc4df377f	WP_023288230	GCF_900515445.1	NZ_UKWG01000032.1	753	1371	+	0	5746	/Users/magnusohle/Downloads/bgc_atlas/lassopeptides/genomes/GCF_900515445.1/NZ_UKWG01000032.1.gb	3	153	69.0	135
lab_0056	lab_0056_locus_105	105	True	True	Klebsidin	GSDGPIIEFFNPNGVMHYG	core_9cc4df377f	WP_023288230	GCF_900517315.1	NZ_ULDN01000032.1	4375	4993	-	0	5746	/Users/magnusohle/Downloads/bgc_atlas/lassopeptides/genomes/GCF_900517315.1/NZ_ULDN01000032.1.gb	3	154	69.0	135
lab_0056	lab_0056_locus_106	106	True	True	Klebsidin	GSDGPIIEFFNPNGVMHYG	core_9cc4df377f	WP_023288230	GCF_903971055.1	NZ_CAJCKY010000074.1	2104	2722	+	0	6213	/Users/magnusohle/Downloads/bgc_atlas/lassopeptides/genomes/GCF_903971055.1/NZ_CAJCKY010000074.1.gb	3	156	69.0	135
lab_0056	lab_0056_locus_107	107	True	True	Klebsidin	GSDGPIIEFFNPNGVMHYG	core_9cc4df377f	WP_023288230	GCF_904863135.1	NZ_LR890255.1	86958	87576	-	66958	107576	/Users/magnusohle/Downloads/bgc_atlas/lassopeptides/genomes/GCF_904863135.1/NZ_LR890255.1.gb	3	1415	69.0	135
lab_0056	lab_0056_locus_108	108	True	True	Klebsidin	GSDGPIIEFFNPNGVMHYG	core_9cc4df377f	WP_023288230	GCF_904865715.1	NZ_LR890501.1	86958	87576	-	66958	107576	/Users/magnusohle/Downloads/bgc_atlas/lassopeptides/genomes/GCF_904865715.1/NZ_LR890501.1.gb	3	1415	69.0	135
lab_0056	lab_0056_locus_109	109	True	True	Klebsidin	GSDGPIIEFFNPNGVMHYG	core_9cc4df377f	WP_023288230	GCF_904866445.1	NZ_LR890703.1	86958	87576	-	66958	107576	/Users/magnusohle/Downloads/bgc_atlas/lassopeptides/genomes/GCF_904866445.1/NZ_LR890703.1.gb	3	1415	69.0	135
lab_0056	lab_0056_locus_110	110	True	True	Klebsidin	GSDGPIIEFFNPNGVMHYG	core_9cc4df377f	WP_023288230	GCF_916172845.1	NZ_CAJZXU010000033.1	3427	4045	-	0	20418	/Users/magnusohle/Downloads/bgc_atlas/lassopeptides/genomes/GCF_916172845.1/NZ_CAJZXU010000033.1.gb	3	662	69.0	135
lab_0056	lab_0056_locus_111	111	True	True	Klebsidin	GSDGPIIEFFNPNGVMHYG	core_9cc4df377f	WP_023288230	GCF_964436065.1	NZ_CAYTBP010000019.1	3714	4332	-	0	24332	/Users/magnusohle/Downloads/bgc_atlas/lassopeptides/genomes/GCF_964436065.1/NZ_CAYTBP010000019.1.gb	3	800	69.0	135
lab_0056	lab_0056_locus_112	112	True	True	Klebsidin	GSDGPIIEFFNPNGVMHYG	core_9cc4df377f	WP_023288230	GCF_965178925.1	NZ_CBCXZK010000056.1	11236	11854	+	0	11985	/Users/magnusohle/Downloads/bgc_atlas/lassopeptides/genomes/GCF_965178925.1/NZ_CBCXZK010000056.1.gb	3	406	69.0	135
lab_0056	lab_0056_locus_113	113	True	True	Klebsidin	GSDGPIIEFFNPNGVMHYG	core_9cc4df377f	WP_023288230	nan	NZ_LR890427.1	86958	87576	-	66958	107576	/Users/magnusohle/Downloads/bgc_atlas/lassopeptides/genomes/nan/NZ_LR890427.1.gb	3	1415	69.0	135
lab_0057	lab_0057_locus_01	1	False	False	Lagmysin	LAGQGSPDLLGGHSLL	core_4422bec207	WP_031079704	GCF_000716335.1	NZ_KL591029.1	32736	33153	+	12736	53153	/Users/magnusohle/Downloads/bgc_atlas/lassopeptides/genomes/GCF_000716335.1/NZ_KL591029.1.gb	2	1423	2416.0	111
lab_0058	lab_0058_locus_01	1	True	True	Lp2006	GRPNWGFENDWSCVRVC	core_1e48df89d9	WP_026124932	GCF_000341225.1	NZ_ANAC01000010.1	362845	363280	+	342845	383280	/Users/magnusohle/Downloads/bgc_atlas/lassopeptides/genomes/GCF_000341225.1/NZ_ANAC01000010.1.gb	2	1079	2241.0	138
lab_0058	lab_0058_locus_02	2	True	True	Lp2006	GRPNWGFENDWSCVRVC	core_1e48df89d9	WP_026124932	GCF_000710955.1	NZ_BAZE01000001.1	551712	552147	+	531712	572147	/Users/magnusohle/Downloads/bgc_atlas/lassopeptides/genomes/GCF_000710955.1/NZ_BAZE01000001.1.gb	2	1092	2241.0	138
lab_0058	lab_0058_locus_03	3	True	True	Lp2006	GRPNWGFENDWSCVRVC	core_1e48df89d9	WP_026124932	GCF_040634655.1	NZ_JBEYGF010000005.1	194901	195336	-	174901	215336	/Users/magnusohle/Downloads/bgc_atlas/lassopeptides/genomes/GCF_040634655.1/NZ_JBEYGF010000005.1.gb	2	1084	2241.0	138
lab_0058	lab_0058_locus_04	4	True	True	Lp2006	GRPNWGFENDWSCVRVC	core_1e48df89d9	WP_026124932	GCF_040634875.1	NZ_JBEYGQ010000002.1	180281	180716	-	160281	200716	/Users/magnusohle/Downloads/bgc_atlas/lassopeptides/genomes/GCF_040634875.1/NZ_JBEYGQ010000002.1.gb	2	1111	2241.0	138
lab_0058	lab_0058_locus_05	5	True	True	Lp2006	GRPNWGFENDWSCVRVC	core_1e48df89d9	WP_026124932	GCF_040634965.1	NZ_JBEYGU010000060.1	18531	18966	+	0	23007	/Users/magnusohle/Downloads/bgc_atlas/lassopeptides/genomes/GCF_040634965.1/NZ_JBEYGU010000060.1.gb	2	665	2241.0	138
lab_0058	lab_0058_locus_06	6	True	True	Lp2006	GRPNWGFENDWSCVRVC	core_1e48df89d9	WP_026124932	GCF_040640175.1	NZ_JBFABH010000006.1	220256	220691	+	200256	240691	/Users/magnusohle/Downloads/bgc_atlas/lassopeptides/genomes/GCF_040640175.1/NZ_JBFABH010000006.1.gb	2	1086	2241.0	138
lab_0058	lab_0058_locus_07	7	True	True	Lp2006	GRPNWGFENDWSCVRVC	core_1e48df89d9	WP_026124932	GCF_042325145.1	NZ_JAYMRN010000004.1	467191	467626	-	447191	487626	/Users/magnusohle/Downloads/bgc_atlas/lassopeptides/genomes/GCF_042325145.1/NZ_JAYMRN010000004.1.gb	2	1107	2241.0	138
lab_0058	lab_0058_locus_08	8	True	True	Lp2006	GRPNWGFENDWSCVRVC	core_1e48df89d9	WP_026124932	GCF_042741055.1	NZ_JBHYKC010000002.1	467748	468183	-	447748	488183	/Users/magnusohle/Downloads/bgc_atlas/lassopeptides/genomes/GCF_042741055.1/NZ_JBHYKC010000002.1.gb	2	1124	2241.0	138
lab_0058	lab_0058_locus_09	9	True	True	Lp2006	GRPNWGFENDWSCVRVC	core_1e48df89d9	WP_026124932	GCF_042741095.1	NZ_JBHYKD010000026.1	21020	21455	+	1020	41455	/Users/magnusohle/Downloads/bgc_atlas/lassopeptides/genomes/GCF_042741095.1/NZ_JBHYKD010000026.1.gb	2	1127	2241.0	138
lab_0058	lab_0058_locus_10	10	True	True	Lp2006	GRPNWGFENDWSCVRVC	core_1e48df89d9	WP_026124932	GCF_042752955.1	NZ_JBHYYQ010000001.1	28765	29200	-	8765	49200	/Users/magnusohle/Downloads/bgc_atlas/lassopeptides/genomes/GCF_042752955.1/NZ_JBHYYQ010000001.1.gb	2	1133	2241.0	138
lab_0058	lab_0058_locus_11	11	True	True	Lp2006	GRPNWGFENDWSCVRVC	core_1e48df89d9	WP_026124932	GCF_042869495.1	NZ_JBIAFX010000001.1	341645	342080	-	321645	362080	/Users/magnusohle/Downloads/bgc_atlas/lassopeptides/genomes/GCF_042869495.1/NZ_JBIAFX010000001.1.gb	2	1075	2241.0	138
lab_0058	lab_0058_locus_12	12	True	True	Lp2006	GRPNWGFENDWSCVRVC	core_1e48df89d9	WP_026124932	GCF_042870815.1	NZ_JBIAHT010000005.1	59870	60305	-	39870	80305	/Users/magnusohle/Downloads/bgc_atlas/lassopeptides/genomes/GCF_042870815.1/NZ_JBIAHT010000005.1.gb	2	1099	2241.0	138
lab_0059	lab_0059_locus_01	1	True	True	Moomysin	SYHWGDYHDWHHGWYGWWDD	core_8edc2f91a2	WP_014140854	GCF_000237305.1	NC_016111.1	79296	79728	+	59296	99728	/Users/magnusohle/Downloads/bgc_atlas/lassopeptides/genomes/GCF_000237305.1/NC_016111.1.gb	2	1088	2146.0	132
lab_0059	lab_0059_locus_02	2	True	True	Moomysin	SYHWGDYHDWHHGWYGWWDD	core_8edc2f91a2	WP_014140854	GCF_000240165.1	NC_017586.1	79297	79729	+	59297	99729	/Users/magnusohle/Downloads/bgc_atlas/lassopeptides/genomes/GCF_000240165.1/NC_017586.1.gb	2	1088	2146.0	132
lab_0059	lab_0059_locus_03	3	True	True	Moomysin	SYHWGDYHDWHHGWYGWWDD	core_8edc2f91a2	WP_014140854	GCF_009862885.1	NZ_WWIO01000001.1	79296	79728	+	59296	99728	/Users/magnusohle/Downloads/bgc_atlas/lassopeptides/genomes/GCF_009862885.1/NZ_WWIO01000001.1.gb	2	1088	2146.0	132
lab_0063	lab_0063_locus_01	1	True	True	9810-lp	GYFVGSYKEYWTRRIV	core_ff24d1e32b	WP_030588169	GCF_000717105.1	NZ_JNXS01000016.1	215541	216015	+	195541	236015	/Users/magnusohle/Downloads/bgc_atlas/lassopeptides/genomes/GCF_000717105.1/NZ_JNXS01000016.1.gb	4	1276	2217.0	174
lab_0063	lab_0063_locus_02	2	True	True	9810-lp	GYFVGSYKEYWTRRIV	core_ff24d1e32b	WP_030588169	GCF_000721175.1	NZ_JOEZ01000021.1	38038	38512	-	18038	58512	/Users/magnusohle/Downloads/bgc_atlas/lassopeptides/genomes/GCF_000721175.1/NZ_JOEZ01000021.1.gb	4	1283	2217.0	174
lab_0063	lab_0063_locus_03	3	True	True	9810-lp	GYFVGSYKEYWTRRIV	core_ff24d1e32b	WP_030588169	GCF_003846255.1	NZ_ML123117.1	1091379	1091853	+	1071379	1111853	/Users/magnusohle/Downloads/bgc_atlas/lassopeptides/genomes/GCF_003846255.1/NZ_ML123117.1.gb	4	1273	2217.0	174
lab_0064	lab_0064_locus_01	1	False	False	Albusnodin	GQGGGQSEDKRRAYNC	core_455ca7c878	AJE82648	GCA_000827005.1	CP010519.1	2835644	2836376	+	2815644	2856376	/Users/magnusohle/Downloads/bgc_atlas/lassopeptides/genomes/GCA_000827005.1/CP010519.1.gb	3	1028	1887.0	264
lab_0065	lab_0065_locus_01	1	False	False	Brevunsin	DGMGEEFIEGLVRDSLYPPAG	core_60acb5e64e	EGF94506	GCA_000204035.1	GL883086.1	713792	714443	+	693792	734443	/Users/magnusohle/Downloads/bgc_atlas/lassopeptides/genomes/GCA_000204035.1/GL883086.1.gb	4	1173	156.0	255
lab_0066	lab_0066_locus_01	1	True	True	Fusilassin (fuscanodin)	WYTAEWGLELIFVFPRFI	core_cb6fe36faf	WP_011291590	GCF_000012405.1	NC_007333.1	1334783	1335200	-	1314783	1355200	/Users/magnusohle/Downloads/bgc_atlas/lassopeptides/genomes/GCF_000012405.1/NC_007333.1.gb	4	1327	2137.0	318
lab_0066	lab_0066_locus_02	2	True	True	Fusilassin (fuscanodin)	WYTAEWGLELIFVFPRFI	core_cb6fe36faf	WP_011291590	GCF_000401915.1	NZ_AOSG01000028.1	8531	8948	-	0	18033	/Users/magnusohle/Downloads/bgc_atlas/lassopeptides/genomes/GCF_000401915.1/NZ_AOSG01000028.1.gb	4	599	2137.0	318
lab_0066	lab_0066_locus_03	3	True	True	Fusilassin (fuscanodin)	WYTAEWGLELIFVFPRFI	core_cb6fe36faf	WP_011291590	GCF_002939325.1	NZ_JEMR01000033.1	28081	28498	+	8081	37033	/Users/magnusohle/Downloads/bgc_atlas/lassopeptides/genomes/GCF_002939325.1/NZ_JEMR01000033.1.gb	4	971	2137.0	318
lab_0066	lab_0066_locus_04	4	True	True	Fusilassin (fuscanodin)	WYTAEWGLELIFVFPRFI	core_cb6fe36faf	WP_011291590	GCF_015034585.1	NZ_CP063232.1	2272095	2272512	-	2252095	2292512	/Users/magnusohle/Downloads/bgc_atlas/lassopeptides/genomes/GCF_015034585.1/NZ_CP063232.1.gb	4	1342	2137.0	318
lab_0066	lab_0066_locus_05	5	True	True	Fusilassin (fuscanodin)	WYTAEWGLELIFVFPRFI	core_cb6fe36faf	WP_011291590	GCF_017577275.1	NZ_PITY01000025.1	8657	9074	-	0	29074	/Users/magnusohle/Downloads/bgc_atlas/lassopeptides/genomes/GCF_017577275.1/NZ_PITY01000025.1.gb	4	972	2137.0	318
lab_0066	lab_0066_locus_06	6	True	True	Fusilassin (fuscanodin)	WYTAEWGLELIFVFPRFI	core_cb6fe36faf	WP_011291590	GCF_900318655.1	NZ_ONLN01000274.1	3928	4345	+	0	8430	/Users/magnusohle/Downloads/bgc_atlas/lassopeptides/genomes/GCF_900318655.1/NZ_ONLN01000274.1.gb	4	263	2137.0	318
lab_0067	lab_0067_locus_01	1	True	True	Snou-LP	YFGLTGYENLFHFYDKLH	core_e0584973c0	WP_073449291	GCF_002891315.1	NZ_LJSN01000003.1	1790834	1791260	-	1770834	1811260	/Users/magnusohle/Downloads/bgc_atlas/lassopeptides/genomes/GCF_002891315.1/NZ_LJSN01000003.1.gb	3	1431	2151.0	150
lab_0067	lab_0067_locus_02	2	True	True	Snou-LP	YFGLTGYENLFHFYDKLH	core_e0584973c0	WP_073449291	GCF_900142595.1	NZ_FRBK01000029.1	16412	16838	+	0	36838	/Users/magnusohle/Downloads/bgc_atlas/lassopeptides/genomes/GCF_900142595.1/NZ_FRBK01000029.1.gb	3	1221	2151.0	150
lab_0068	lab_0068_locus_01	1	False	False	Specialicin	CLGVGSCVDFAGCGYAVVCFW	core_c7c98d71bf	WP_059005882	GCF_001493375.1	NZ_LN929757.1	88184	88613	+	68184	108613	/Users/magnusohle/Downloads/bgc_atlas/lassopeptides/genomes/GCF_001493375.1/NZ_LN929757.1.gb	1	1031	2141.0	132
lab_0070	lab_0070_locus_01	1	True	True	Canucin A	GVGFPLADFFIHFD	core_338a21c5dd	KUN61408	GCA_001514145.1	KQ948669.1	285572	285986	-	265572	305986	/Users/magnusohle/Downloads/bgc_atlas/lassopeptides/genomes/GCA_001514145.1/KQ948669.1.gb	5	1133	2224.0	159
lab_0070	lab_0070_locus_02	2	True	True	Canucin A	GVGFPLADFFIHFD	core_338a21c5dd	KUN61408	GCA_001514145.1	LMWU01000041.1	285572	285986	-	265572	305986	/Users/magnusohle/Downloads/bgc_atlas/lassopeptides/genomes/GCA_001514145.1/LMWU01000041.1.gb	5	1133	2224.0	159
lab_0071	lab_0071_locus_01	1	True	True	Canucin B	GVGFPLADFFIHFD	core_338a21c5dd	KUN61408	GCA_001514145.1	KQ948669.1	285572	285986	-	265572	305986	/Users/magnusohle/Downloads/bgc_atlas/lassopeptides/genomes/GCA_001514145.1/KQ948669.1.gb	5	1133	2224.0	159
lab_0071	lab_0071_locus_02	2	True	True	Canucin B	GVGFPLADFFIHFD	core_338a21c5dd	KUN61408	GCA_001514145.1	LMWU01000041.1	285572	285986	-	265572	305986	/Users/magnusohle/Downloads/bgc_atlas/lassopeptides/genomes/GCA_001514145.1/LMWU01000041.1.gb	5	1133	2224.0	159
lab_0072	lab_0072_locus_01	1	True	True	Citrocin	GGVGKIIEYFIGGGVGRYG	core_46c41d67f7	WP_052463779	GCF_000826205.1	NZ_CDHL01000044.1	4662	5310	+	0	18560	/Users/magnusohle/Downloads/bgc_atlas/lassopeptides/genomes/GCF_000826205.1/NZ_CDHL01000044.1.gb	2	587	184.0	123
lab_0072	lab_0072_locus_02	2	True	True	Citrocin	GGVGKIIEYFIGGGVGRYG	core_46c41d67f7	WP_052463779	GCF_002075345.1	NZ_NAEW01000035.1	4770	5418	+	0	17348	/Users/magnusohle/Downloads/bgc_atlas/lassopeptides/genomes/GCF_002075345.1/NZ_NAEW01000035.1.gb	2	543	184.0	123
lab_0072	lab_0072_locus_03	3	True	True	Citrocin	GGVGKIIEYFIGGGVGRYG	core_46c41d67f7	WP_052463779	GCF_019048805.1	NZ_CP077406.1	14916	15564	+	0	18541	/Users/magnusohle/Downloads/bgc_atlas/lassopeptides/genomes/GCF_019048805.1/NZ_CP077406.1.gb	2	583	184.0	123
lab_0073	lab_0073_locus_01	1	False	False	Deepstreptin	LAGGTAKDLLGGHQLI	core_e886078a94	WP_067228662	GCF_001514125.1	NZ_KQ948549.1	978855	979272	-	958855	999272	/Users/magnusohle/Downloads/bgc_atlas/lassopeptides/genomes/GCF_001514125.1/NZ_KQ948549.1.gb	5	1071	2433.0	324
lab_0074	lab_0074_locus_01	1	False	False	Leepeptin	LYGVRNDEEINWHFDYWT	core_c09113e945	CQR60042	GCA_001013905.1	LN831790.1	652179	652635	-	632179	672635	/Users/magnusohle/Downloads/bgc_atlas/lassopeptides/genomes/GCA_001013905.1/LN831790.1.gb	5	976	28.0	309
lab_0075	lab_0075_locus_01	1	False	False	Pandonodin	GVLGNDAEGITLLPLCFKPICIPTLPPLTGGHA	core_6e53c2183b	WP_058377878	GCF_001465545.3	NZ_CP013480.3	1649208	1649970	+	1629208	1669970	/Users/magnusohle/Downloads/bgc_atlas/lassopeptides/genomes/GCF_001465545.3/NZ_CP013480.3.gb	4	1787	0.0	180
lab_0077	lab_0077_locus_01	1	False	False	Ubonodin	GGDGSIAEYFNRPMHIHDWQIMDSGYYG	core_c21d0b04cf	KVR35742	GCA_001528345.1	LPCD01000022.1	71148	71823	+	51148	76643	/Users/magnusohle/Downloads/bgc_atlas/lassopeptides/genomes/GCA_001528345.1/LPCD01000022.1.gb	5	781	92.0	225
lab_0078	lab_0078_locus_01	1	False	False	Felipeptin A1	GSRGWGFEPGVRCLIWCD	core_c262dfa9fe	QFU91022	GCA_009429145.1	CP045480.1	6113088	6113499	-	6093088	6133499	/Users/magnusohle/Downloads/bgc_atlas/lassopeptides/genomes/GCA_009429145.1/CP045480.1.gb	7	1150	2346.0	324
lab_0079	lab_0079_locus_01	1	False	False	Felipeptin A2	GGGGRGYEYNKQCLIFC	core_cc0ec2e9af	QFU91022	GCA_009429145.1	CP045480.1	6113088	6113499	-	6093088	6133499	/Users/magnusohle/Downloads/bgc_atlas/lassopeptides/genomes/GCA_009429145.1/CP045480.1.gb	2	1150	2184.0	123
lab_0081	lab_0081_locus_01	1	True	True	Koreensin	GPKGDFPDVGDGRILAGLTDE	core_fea6f9416a	WP_157926355	GCF_001598395.1	NZ_BCYW01000002.1	151076	151739	-	131076	171739	/Users/magnusohle/Downloads/bgc_atlas/lassopeptides/genomes/GCF_001598395.1/NZ_BCYW01000002.1.gb	1	1347	41.0	129
lab_0081	lab_0081_locus_02	2	True	True	Koreensin	GPKGDFPDVGDGRILAGLTDE	core_fea6f9416a	WP_157926355	GCF_003950695.1	NZ_QQWJ01000004.1	151202	151865	-	131202	171865	/Users/magnusohle/Downloads/bgc_atlas/lassopeptides/genomes/GCF_003950695.1/NZ_QQWJ01000004.1.gb	1	1347	41.0	129
lab_0081	lab_0081_locus_03	3	True	True	Koreensin	GPKGDFPDVGDGRILAGLTDE	core_fea6f9416a	WP_157926355	GCF_003951795.1	NZ_QQYX01000003.1	153575	154238	-	133575	174238	/Users/magnusohle/Downloads/bgc_atlas/lassopeptides/genomes/GCF_003951795.1/NZ_QQYX01000003.1.gb	1	1347	41.0	129
lab_0081	lab_0081_locus_04	4	True	True	Koreensin	GPKGDFPDVGDGRILAGLTDE	core_fea6f9416a	WP_157926355	GCF_003951895.1	NZ_QQYO01000004.1	231020	231683	+	211020	251683	/Users/magnusohle/Downloads/bgc_atlas/lassopeptides/genomes/GCF_003951895.1/NZ_QQYO01000004.1.gb	1	1347	41.0	129
lab_0081	lab_0081_locus_05	5	True	True	Koreensin	GPKGDFPDVGDGRILAGLTDE	core_fea6f9416a	WP_157926355	GCF_003951945.1	NZ_QQYW01000003.1	153665	154328	-	133665	174328	/Users/magnusohle/Downloads/bgc_atlas/lassopeptides/genomes/GCF_003951945.1/NZ_QQYW01000003.1.gb	1	1347	41.0	129
lab_0081	lab_0081_locus_06	6	True	True	Koreensin	GPKGDFPDVGDGRILAGLTDE	core_fea6f9416a	WP_157926355	GCF_003953035.1	NZ_QQWK01000003.1	151202	151865	-	131202	171865	/Users/magnusohle/Downloads/bgc_atlas/lassopeptides/genomes/GCF_003953035.1/NZ_QQWK01000003.1.gb	1	1347	41.0	129
lab_0081	lab_0081_locus_07	7	True	True	Koreensin	GPKGDFPDVGDGRILAGLTDE	core_fea6f9416a	WP_157926355	GCF_003953445.1	NZ_QQZC01000004.1	230855	231518	+	210855	251518	/Users/magnusohle/Downloads/bgc_atlas/lassopeptides/genomes/GCF_003953445.1/NZ_QQZC01000004.1.gb	1	1347	41.0	129
lab_0083	lab_0083_locus_01	1	False	False	Mycetohabin-16	GGSGKYKEAGVGRFLD	core_0f0209666f	CBW73570	GCA_000198775.1	FR687359.1	49873	50101	+	29873	70101	/Users/magnusohle/Downloads/bgc_atlas/lassopeptides/genomes/GCA_000198775.1/FR687359.1.gb	7	1838	673.0	258
lab_0084	lab_0084_locus_01	1	False	False	Arcumycin	CLPSGDCPDFLGCGRAIWCI	core_960391902b	WP_030409713	GCF_000719735.1	NZ_JOHQ01000068.1	9942	10407	+	0	16533	/Users/magnusohle/Downloads/bgc_atlas/lassopeptides/genomes/GCF_000719735.1/NZ_JOHQ01000068.1.gb	5	516	3422.0	309
lab_0085	lab_0085_locus_01	1	False	False	Cellulassin (cellulonodin-1)	WIQGKWGLEIYLIFPRYL	core_f910dc98cf	WP_068757172	GCF_001517975.1	NZ_KQ950183.1	153029	153446	-	133029	173446	/Users/magnusohle/Downloads/bgc_atlas/lassopeptides/genomes/GCF_001517975.1/NZ_KQ950183.1.gb	2	938	2124.0	231
lab_0086	lab_0086_locus_01	1	False	False	Cellulonodin-2	GAADDDTADMNTAKYY	core_35b374fb46	WP_157080172	GCF_001517975.1	NZ_KQ950181.1	611870	612278	+	591870	632278	/Users/magnusohle/Downloads/bgc_atlas/lassopeptides/genomes/GCF_001517975.1/NZ_KQ950181.1.gb	4	1123	2251.0	207
lab_0087	lab_0087_locus_01	1	True	True	Cochonodin I	GLVAGSFRDIFGGRALFLIRI	core_232db3024d	WP_044677312	GCF_000936615.1	NZ_CEEZ01000028.1	193567	195790	+	173567	215790	/Users/magnusohle/Downloads/bgc_atlas/lassopeptides/genomes/GCF_000936615.1/NZ_CEEZ01000028.1.gb	1	1189	2475.0	120
lab_0087	lab_0087_locus_02	2	True	True	Cochonodin I	GLVAGSFRDIFGGRALFLIRI	core_232db3024d	WP_044677312	GCF_900050815.1	NZ_FIHN01000001.1	221420	223643	-	201420	243643	/Users/magnusohle/Downloads/bgc_atlas/lassopeptides/genomes/GCF_900050815.1/NZ_FIHN01000001.1.gb	1	1189	2475.0	120
lab_0090	lab_0090_locus_01	1	True	True	Halolassin	YKSGRGLELWLFLPRMV	core_4fee0c79bf	WP_068689555	GCF_001660385.1	NZ_LIZN01000004.1	311375	311792	+	291375	331792	/Users/magnusohle/Downloads/bgc_atlas/lassopeptides/genomes/GCF_001660385.1/NZ_LIZN01000004.1.gb	2	1089	2134.0	240
lab_0090	lab_0090_locus_02	2	True	True	Halolassin	YKSGRGLELWLFLPRMV	core_4fee0c79bf	WP_068689555	GCF_003574835.2	NZ_CP063196.1	708650	709067	-	688650	729067	/Users/magnusohle/Downloads/bgc_atlas/lassopeptides/genomes/GCF_003574835.2/NZ_CP063196.1.gb	2	1085	2134.0	240
lab_0090	lab_0090_locus_03	3	True	True	Halolassin	YKSGRGLELWLFLPRMV	core_4fee0c79bf	WP_068689555	GCF_041260685.1	NZ_JBGBYW010000002.1	2557942	2558359	+	2537942	2578359	/Users/magnusohle/Downloads/bgc_atlas/lassopeptides/genomes/GCF_041260685.1/NZ_JBGBYW010000002.1.gb	2	1084	2134.0	240
lab_0091	lab_0091_locus_01	1	False	False	Lihuanodin	GSKYSDTADESSYRW	core_b118f2bbff	WP_089970451	GCF_900110165.1	NZ_FOCQ01000012.1	117453	117816	+	97453	125822	/Users/magnusohle/Downloads/bgc_atlas/lassopeptides/genomes/GCF_900110165.1/NZ_FOCQ01000012.1.gb	3	1172	1981.0	102
lab_0092	lab_0092_locus_01	1	False	False	Microcin Y	GGRGHIAEYFSGPITQVSFYG	core_c2c7f4653f	EAT4894072	GCA_005736035.1	AADRSW010000014.1	83643	84276	-	63643	101679	/Users/magnusohle/Downloads/bgc_atlas/lassopeptides/genomes/GCA_005736035.1/AADRSW010000014.1.gb	1	1345	365.0	159
lab_0094	lab_0094_locus_01	1	True	True	Novosphingonodin I	GPPGDRIEFGVLAQLPGLDRD	core_2cebe33b8b	WP_125955261	GCF_001014975.1	NZ_BBXA01000030.1	260971	261649	-	240971	281649	/Users/magnusohle/Downloads/bgc_atlas/lassopeptides/genomes/GCF_001014975.1/NZ_BBXA01000030.1.gb	3	1646	69.0	342
lab_0094	lab_0094_locus_02	2	True	True	Novosphingonodin I	GPPGDRIEFGVLAQLPGLDRD	core_2cebe33b8b	WP_125955261	GCF_012641315.1	NZ_JABAIC010000001.1	19962	20640	+	0	40640	/Users/magnusohle/Downloads/bgc_atlas/lassopeptides/genomes/GCF_012641315.1/NZ_JABAIC010000001.1.gb	3	1695	69.0	342
lab_0095	lab_0095_locus_01	1	False	False	Novosphingonodin II	GQAIVELDVSGGNLRFLPGIAAE	core_7a52c0e44f	WP_168905530	GCF_012641315.1	NZ_JABAIC010000014.1	18785	19424	+	0	39424	/Users/magnusohle/Downloads/bgc_atlas/lassopeptides/genomes/GCF_012641315.1/NZ_JABAIC010000014.1.gb	2	1581	58.0	144
lab_0096	lab_0096_locus_01	1	True	True	Cloacaenodin	GHSVDRIPEYFGPPGLPGPVLFYS	core_18bdd45919	WP_046889164	GCF_001006645.1	NZ_JSWY01000033.1	87761	88409	-	67761	108409	/Users/magnusohle/Downloads/bgc_atlas/lassopeptides/genomes/GCF_001006645.1/NZ_JSWY01000033.1.gb	3	1523	70.0	222
lab_0096	lab_0096_locus_02	2	True	True	Cloacaenodin	GHSVDRIPEYFGPPGLPGPVLFYS	core_18bdd45919	WP_046889164	GCF_001187305.1	NZ_LFHB01000019.1	30582	31230	+	10582	51230	/Users/magnusohle/Downloads/bgc_atlas/lassopeptides/genomes/GCF_001187305.1/NZ_LFHB01000019.1.gb	3	1523	70.0	222
lab_0096	lab_0096_locus_03	3	True	True	Cloacaenodin	GHSVDRIPEYFGPPGLPGPVLFYS	core_18bdd45919	WP_046889164	GCF_023153565.1	NZ_JAKMKX010000007.1	70600	71248	+	50600	91248	/Users/magnusohle/Downloads/bgc_atlas/lassopeptides/genomes/GCF_023153565.1/NZ_JAKMKX010000007.1.gb	3	1527	70.0	222
lab_0097	lab_0097_locus_01	1	True	True	Las-2	GMSGRIPDGFHGGRGF	core_864e550daf	WP_186368963	GCF_007682405.1	NZ_VEMT01000014.1	3163	3625	+	0	23625	/Users/magnusohle/Downloads/bgc_atlas/lassopeptides/genomes/GCF_007682405.1/NZ_VEMT01000014.1.gb	5	570	110.0	201
lab_0097	lab_0097_locus_02	2	True	True	Las-2	GMSGRIPDGFHGGRGF	core_864e550daf	WP_186368963	GCF_036212105.1	NZ_JARMCY010000004.1	435845	436307	-	415845	456307	/Users/magnusohle/Downloads/bgc_atlas/lassopeptides/genomes/GCF_036212105.1/NZ_JARMCY010000004.1.gb	5	983	110.0	201
lab_0097	lab_0097_locus_03	3	True	True	Las-2	GMSGRIPDGFHGGRGF	core_864e550daf	WP_186368963	GCF_036212165.1	NZ_JARMCZ010000010.1	94570	95032	+	74570	115032	/Users/magnusohle/Downloads/bgc_atlas/lassopeptides/genomes/GCF_036212165.1/NZ_JARMCZ010000010.1.gb	5	983	110.0	201
lab_0097	lab_0097_locus_04	4	True	True	Las-2	GMSGRIPDGFHGGRGF	core_864e550daf	WP_186368963	GCF_041531015.1	NZ_JBFDUF010000006.1	231898	232360	+	211898	252360	/Users/magnusohle/Downloads/bgc_atlas/lassopeptides/genomes/GCF_041531015.1/NZ_JBFDUF010000006.1.gb	5	970	110.0	201
lab_0097	lab_0097_locus_05	5	True	True	Las-2	GMSGRIPDGFHGGRGF	core_864e550daf	WP_186368963	GCF_051337735.1	NZ_JBPPSQ010000002.1	749764	750226	-	729764	770226	/Users/magnusohle/Downloads/bgc_atlas/lassopeptides/genomes/GCF_051337735.1/NZ_JBPPSQ010000002.1.gb	5	974	110.0	201
lab_0097	lab_0097_locus_06	6	True	True	Las-2	GMSGRIPDGFHGGRGF	core_864e550daf	WP_186368963	GCF_051918825.1	NZ_JBQAIC010000001.1	225464	225926	+	205464	245926	/Users/magnusohle/Downloads/bgc_atlas/lassopeptides/genomes/GCF_051918825.1/NZ_JBQAIC010000001.1.gb	5	990	110.0	201
lab_0098	lab_0098_locus_01	1	False	False	Las-6	GGWGTVPDWFFNMKW	core_3cc82a49f1	WP_042385006	GCF_000787835.1	NZ_BBPP01000024.1	100666	101116	-	80666	121116	/Users/magnusohle/Downloads/bgc_atlas/lassopeptides/genomes/GCF_000787835.1/NZ_BBPP01000024.1.gb	2	1071	2152.0	126
lab_0099	lab_0099_locus_01	1	False	False	Rubrinodin	GTIDPQNSEEHPVLSRRLEN	core_a7636c2c10	RVT50611	GCA_004016515.1	SACT01000005.1	321921	322680	+	301921	337673	/Users/magnusohle/Downloads/bgc_atlas/lassopeptides/genomes/GCA_004016515.1/SACT01000005.1.gb	6	1232	201.0	264
lab_0108	lab_0108_locus_01	1	False	False	Longipeptin A	GWWGANWDGPSGMRD	core_4f11c58424	WP_189061724	GCF_014645795.1	NZ_BMMK01000049.1	6487	6901	-	0	26901	/Users/magnusohle/Downloads/bgc_atlas/lassopeptides/genomes/GCF_014645795.1/NZ_BMMK01000049.1.gb	3	1114	7221.0	123
lab_0109	lab_0109_locus_01	1	True	True	Nocapeptin A	GWYGSQWDGPTGQRD	core_482156743b	WP_082871451	GCF_001625105.1	NZ_KV411304.1	1631820	1632294	+	1611820	1652294	/Users/magnusohle/Downloads/bgc_atlas/lassopeptides/genomes/GCF_001625105.1/NZ_KV411304.1.gb	4	1342	5094.0	150
lab_0109	lab_0109_locus_02	2	True	True	Nocapeptin A	GWYGSQWDGPTGQRD	core_482156743b	WP_082871451	GCF_013186535.1	NZ_JABMCZ010000005.1	92210	92684	-	72210	112684	/Users/magnusohle/Downloads/bgc_atlas/lassopeptides/genomes/GCF_013186535.1/NZ_JABMCZ010000005.1.gb	4	1335	5094.0	150
lab_0110	lab_0110_locus_01	1	True	True	Pseudomonassin	GVPGGGIIEGRYGVWSR	core_efbb2a3407	WP_128118890	GCF_003293815.1	NZ_QNTV01000001.1	182318	182999	+	162318	202999	/Users/magnusohle/Downloads/bgc_atlas/lassopeptides/genomes/GCF_003293815.1/NZ_QNTV01000001.1.gb	3	1680	1461.0	186
lab_0110	lab_0110_locus_02	2	True	True	Pseudomonassin	GVPGGGIIEGRYGVWSR	core_efbb2a3407	WP_128118890	GCF_003325755.1	NZ_QORI02000016.1	81560	82241	-	61560	101687	/Users/magnusohle/Downloads/bgc_atlas/lassopeptides/genomes/GCF_003325755.1/NZ_QORI02000016.1.gb	3	1659	1461.0	186
lab_0111	lab_0111_locus_01	1	False	False	Chlorolassin	GIGSQNPWDTAWLWD	core_9f214398f0	WP_090100307	GCF_900104175.1	NZ_FNIX01000010.1	211232	211658	-	191232	228180	/Users/magnusohle/Downloads/bgc_atlas/lassopeptides/genomes/GCF_900104175.1/NZ_FNIX01000010.1.gb	5	1168	1824.0	249
lab_0112	lab_0112_locus_01	1	True	True	Mycetolassin-15	GGSGQYREAGVGRFF	core_41ddd24613	WP_083705989	GCF_021991775.1	NZ_JAHLKO010000014.1	5958	6705	-	0	26705	/Users/magnusohle/Downloads/bgc_atlas/lassopeptides/genomes/GCF_021991775.1/NZ_JAHLKO010000014.1.gb	5	1231	400.0	138
lab_0112	lab_0112_locus_02	2	True	True	Mycetolassin-15	GGSGQYREAGVGRFF	core_41ddd24613	WP_083705989	GCF_037477895.1	NZ_CP132744.1	2508506	2509253	+	2488506	2529253	/Users/magnusohle/Downloads/bgc_atlas/lassopeptides/genomes/GCF_037477895.1/NZ_CP132744.1.gb	5	1877	400.0	138
lab_0112	lab_0112_locus_03	3	True	True	Mycetolassin-15	GGSGQYREAGVGRFF	core_41ddd24613	WP_083705989	GCF_900155955.1	NZ_FTPM01000001.1	1127515	1128262	+	1107515	1148262	/Users/magnusohle/Downloads/bgc_atlas/lassopeptides/genomes/GCF_900155955.1/NZ_FTPM01000001.1.gb	5	1877	400.0	138
lab_0113	lab_0113_locus_01	1	True	True	Mycetolassin-18	GGTGQYKEVGIGRFYDGA	core_ae7b90972e	WP_083705989	GCF_021991775.1	NZ_JAHLKO010000014.1	5958	6705	-	0	26705	/Users/magnusohle/Downloads/bgc_atlas/lassopeptides/genomes/GCF_021991775.1/NZ_JAHLKO010000014.1.gb	4	1231	144.0	147
lab_0113	lab_0113_locus_02	2	True	True	Mycetolassin-18	GGTGQYKEVGIGRFYDGA	core_ae7b90972e	WP_083705989	GCF_037477895.1	NZ_CP132744.1	2508506	2509253	+	2488506	2529253	/Users/magnusohle/Downloads/bgc_atlas/lassopeptides/genomes/GCF_037477895.1/NZ_CP132744.1.gb	4	1877	144.0	147
lab_0113	lab_0113_locus_03	3	True	True	Mycetolassin-18	GGTGQYKEVGIGRFYDGA	core_ae7b90972e	WP_083705989	GCF_900155955.1	NZ_FTPM01000001.1	1127515	1128262	+	1107515	1148262	/Users/magnusohle/Downloads/bgc_atlas/lassopeptides/genomes/GCF_900155955.1/NZ_FTPM01000001.1.gb	4	1877	144.0	147
lab_0114	lab_0114_locus_01	1	False	False	Unnamed	SKKSKPGDGKFGRGVKRG	core_973306d538	KUL11326	GCA_001507775.1	AZSY01000003.1	278315	278780	+	258315	298780	/Users/magnusohle/Downloads/bgc_atlas/lassopeptides/genomes/GCA_001507775.1/AZSY01000003.1.gb	3	1396	1426.0	123
lab_0115	lab_0115_locus_01	1	False	False	Sphingocin	GPGFINNDGVGGKLPFAGLSDD	core_5e6873424c	GGJ65058	GCA_014645635.1	BMMC01000029.1	1688	2396	+	0	22396	/Users/magnusohle/Downloads/bgc_atlas/lassopeptides/genomes/GCA_014645635.1/BMMC01000029.1.gb	1	894	13.0	135
lab_0116	lab_0116_locus_01	1	False	False	Wygwalassin	WYGWASNDGEGTAII	core_1f05531a09	WP_030301601	GCF_000717655.1	NZ_JNZY01000037.1	6484	6946	-	0	26946	/Users/magnusohle/Downloads/bgc_atlas/lassopeptides/genomes/GCF_000717655.1/NZ_JNZY01000037.1.gb	3	737	2169.0	129
