gene_name	seq_hash_x	match_type	gene_strand	gene_frame	orf_strand	orf_frame	bin_start	bin_end	genomes	hits	conserved	example_genomes	candidate_id	aa_length	protein_sequence	best_match_id	best_similarity	top_n_mean_similarity	top5_locus_sims	seq_hash_y
cysD	2891ec4885b6	out_of_frame	+	2	+	0	16	19	24	26	True	NZ_CM000832.1,NZ_CM003196.1,NZ_CP009235.1,NZ_CP009474.1,NZ_CP009545.1	altframe|hash=2891ec4885b6	60	MRFRTVGDISCTCPVESDADDVEKIIAETAVTEITERGATRMDDQASEAAMEQRKKQGYF	core_7a52c0e44f|case=lab_0095|locus=lab_0095_locus_01|pep=WP_168905530|orf=0002	0.9707973003387451	0.9672977328300476	0.9708,0.9672,0.9672,0.9661,0.9652	2891ec4885b6
cysD	28c96a5f06d8	out_of_frame	+	2	+	0	16	19	24	26	True	NZ_CM000832.1,NZ_CM003196.1,NZ_CP009235.1,NZ_CP009474.1,NZ_CP009545.1	altframe|hash=28c96a5f06d8	55	MGDISCTCPVESDADDVEKIIAETAVTEITERGATRMDDQASEAAMEQRKKQGYF	core_26c3b82883|case=lab_0054|locus=lab_0054_locus_01|pep=WP_018082339|orf=0003	0.9648492336273193	0.9615621566772461	0.9648,0.9635,0.9614,0.9611,0.9570	28c96a5f06d8
cysD	0ef6a02fd2e3	out_of_frame	+	2	+	0	17	19	24	26	True	NZ_CM000832.1,NZ_CM003196.1,NZ_CP009235.1,NZ_CP009474.1,NZ_CP009545.1	altframe|hash=0ef6a02fd2e3	39	MEKIIAETAVTEITERGATRMDDQASEAAMEQRKKQGYF	core_26c3b82883|case=lab_0054|locus=lab_0054_locus_01|pep=WP_018082339|orf=0003	0.9645388722419739	0.9566286206245422	0.9645,0.9580,0.9562,0.9526,0.9518	0ef6a02fd2e3
cyoA	c3a913a853ab	antisense	-	-1	+	0	7	10	24	24	True	NC_022658.1,NZ_CM000833.1,NZ_CM003196.1,NZ_CM003197.1,NZ_CM003627.1	altframe|hash=c3a913a853ab	39	MPSCGMKNEFITESDVIRKLIGVPTGTASWFTEAMPRSG	core_9f214398f0|case=lab_0111|locus=lab_0111_locus_01|pep=WP_090100307|orf=0003	0.9828606843948364	0.9807758331298828	0.9829,0.9828,0.9798,0.9794,0.9790	c3a913a853ab
cyoA	555fc42918f9	antisense	-	-1	+	0	8	10	24	24	True	NC_022658.1,NZ_CM000833.1,NZ_CM003196.1,NZ_CM003197.1,NZ_CM003627.1	altframe|hash=555fc42918f9	34	MKNEFITESDVIRKLIGVPTGTASWFTEAMPRSG	core_60acb5e64e|case=lab_0065|locus=lab_0065_locus_01|pep=EGF94506|orf=0003	0.991441011428833	0.9871511459350586	0.9914,0.9900,0.9886,0.9831,0.9826	555fc42918f9
cyoA	8c44f83a6ed3	antisense	-	-1	+	0	8	10	24	24	True	NC_022658.1,NZ_CM000833.1,NZ_CM003196.1,NZ_CM003197.1,NZ_CM003627.1	altframe|hash=8c44f83a6ed3	24	MIRKLIGVPTGTASWFTEAMPRSG	core_4550de8771|case=lab_0015|locus=lab_0015_locus_01|pep=AHI79402|orf=0001	0.979134738445282	0.9741495251655579	0.9791,0.9740,0.9729,0.9729,0.9718	8c44f83a6ed3
cyoA	cc2c47239285	out_of_frame	+	0	+	2	15	18	24	24	True	NZ_CP004024.1,NZ_CP004378.1,NZ_CP009160.1,NZ_CP009271.1,NZ_CP009545.1	altframe|hash=cc2c47239285	41	MGREGARVGRPARHDRVRPARAAEREAAGALLLDGRSSALQ	core_0bb2a95525|case=lab_0025|locus=lab_0025_locus_01|pep=WP_013079672|orf=0003	0.9511325359344482	0.9331053495407104	0.9511,0.9381,0.9294,0.9254,0.9215	cc2c47239285
cysD	f4a8501c5af3	out_of_frame	+	2	+	0	12	19	23	25	True	NZ_CM000832.1,NZ_CM003196.1,NZ_CP009235.1,NZ_CP009474.1,NZ_CP009545.1	altframe|hash=f4a8501c5af3	120	MFPISNWTELDVWQYIAREKLELPSIYYAHRREIVRRNGLLVPVTPLTPMREGETSEQALVRFRTVGDISCTCPVESDADDVEKIIAETAVTEITERGATRMDDQASEAAMEQRKKQGYF	core_c09113e945|case=lab_0074|locus=lab_0074_locus_01|pep=CQR60042|orf=0003	0.9773561358451843	0.9743050336837769	0.9774,0.9767,0.9748,0.9730,0.9696	f4a8501c5af3
cysD	658d1fad9665	out_of_frame	+	2	+	0	13	19	23	25	True	NZ_CM000832.1,NZ_CM003196.1,NZ_CP009235.1,NZ_CP009474.1,NZ_CP009545.1	altframe|hash=658d1fad9665	109	MWQYIAREKLELPSIYYAHRREIVRRNGLLVPVTPLTPMREGETSEQALVRFRTVGDISCTCPVESDADDVEKIIAETAVTEITERGATRMDDQASEAAMEQRKKQGYF	core_c09113e945|case=lab_0074|locus=lab_0074_locus_01|pep=CQR60042|orf=0003	0.9753845930099487	0.973495364189148	0.9754,0.9752,0.9751,0.9721,0.9697	658d1fad9665
cysD	8b13cfc11bd9	out_of_frame	+	2	+	0	14	19	23	25	True	NZ_CM000832.1,NZ_CM003196.1,NZ_CP009235.1,NZ_CP009474.1,NZ_CP009545.1	altframe|hash=8b13cfc11bd9	86	MRRNGLLVPVTPLTPMREGETSEQALVRFRTVGDISCTCPVESDADDVEKIIAETAVTEITERGATRMDDQASEAAMEQRKKQGYF	core_7a52c0e44f|case=lab_0095|locus=lab_0095_locus_01|pep=WP_168905530|orf=0002	0.9786388874053955	0.9737874865531921	0.9786,0.9735,0.9724,0.9723,0.9722	8b13cfc11bd9
cysD	0b2d31a3630c	out_of_frame	+	2	+	0	15	19	23	25	True	NZ_CM000832.1,NZ_CM003196.1,NZ_CP009235.1,NZ_CP009474.1,NZ_CP009545.1	altframe|hash=0b2d31a3630c	79	MPVTPLTPMREGETSEQALVRFRTVGDISCTCPVESDADDVEKIIAETAVTEITERGATRMDDQASEAAMEQRKKQGYF	core_7a52c0e44f|case=lab_0095|locus=lab_0095_locus_01|pep=WP_168905530|orf=0002	0.9740781188011169	0.9678548574447632	0.9741,0.9681,0.9666,0.9656,0.9649	0b2d31a3630c
cysD	169db43c48ee	out_of_frame	+	2	+	0	15	19	23	25	True	NZ_CM000832.1,NZ_CM003196.1,NZ_CP009235.1,NZ_CP009474.1,NZ_CP009545.1	altframe|hash=169db43c48ee	77	MTPLTPMREGETSEQALVRFRTVGDISCTCPVESDADDVEKIIAETAVTEITERGATRMDDQASEAAMEQRKKQGYF	core_7a52c0e44f|case=lab_0095|locus=lab_0095_locus_01|pep=WP_168905530|orf=0002	0.9736346006393433	0.9676421284675598	0.9736,0.9678,0.9664,0.9656,0.9648	169db43c48ee
cysD	203f9dec5498	out_of_frame	+	2	+	0	15	19	23	25	True	NZ_CM000832.1,NZ_CM003196.1,NZ_CP009235.1,NZ_CP009474.1,NZ_CP009545.1	altframe|hash=203f9dec5498	71	MREGETSEQALVRFRTVGDISCTCPVESDADDVEKIIAETAVTEITERGATRMDDQASEAAMEQRKKQGYF	core_7a52c0e44f|case=lab_0095|locus=lab_0095_locus_01|pep=WP_168905530|orf=0002	0.9725829362869263	0.9689857363700867	0.9726,0.9691,0.9682,0.9680,0.9670	203f9dec5498
ceoR	b60de2526933	antisense	-	-2	+	1	1	3	23	23	True	NZ_CM000833.1,NZ_CP004369.1,NZ_CP009234.1,NZ_CP009272.1,NZ_CP009477.1	altframe|hash=b60de2526933	31	MRPLSSGQRSKISATQSTNTRTFGDRCRLCG	core_e886078a94|case=lab_0073|locus=lab_0073_locus_01|pep=WP_067228662|orf=0001	0.9745411276817322	0.9675561189651489	0.9745,0.9741,0.9657,0.9628,0.9605	b60de2526933
ceoR	787973fd7a97	antisense	-	-2	+	1	1	3	22	22	True	NZ_CM000833.1,NZ_CP004369.1,NZ_CP009234.1,NZ_CP009272.1,NZ_CP009477.1	altframe|hash=787973fd7a97	41	MRLLHVASSPLRPLSSGQRSKISATQSTNTRTFGDRCRLCG	core_e886078a94|case=lab_0073|locus=lab_0073_locus_01|pep=WP_067228662|orf=0001	0.9791961908340454	0.9694201350212097	0.9792,0.9763,0.9676,0.9631,0.9610	787973fd7a97
ceoR	70808c278939	antisense	-	-2	+	1	1	3	22	22	True	NZ_CM000833.1,NZ_CP004369.1,NZ_CP009234.1,NZ_CP009272.1,NZ_CP009477.1	altframe|hash=70808c278939	39	MLHVASSPLRPLSSGQRSKISATQSTNTRTFGDRCRLCG	core_e886078a94|case=lab_0073|locus=lab_0073_locus_01|pep=WP_067228662|orf=0001	0.9798877835273743	0.9702545404434204	0.9799,0.9776,0.9682,0.9631,0.9625	70808c278939
cyoA	5cdc76eb395b	antisense	-	-1	+	0	3	5	22	22	True	NC_022658.1,NZ_CM000833.1,NZ_CM003196.1,NZ_CM003197.1,NZ_CP004023.1	altframe|hash=5cdc76eb395b	36	MSSRSADARTFATHASNASREVASVRNFMSEKPRPL	core_4550de8771|case=lab_0015|locus=lab_0015_locus_01|pep=AHI79402|orf=0001	0.9731245040893555	0.9627231359481812	0.9731,0.9653,0.9606,0.9573,0.9573	5cdc76eb395b
cyoA	8c44f83a6ed3	antisense	-	-3	+	0	8	10	22	22	True	NZ_CP004368.1,NZ_CP004377.1,NZ_CP009234.1,NZ_CP009272.1,NZ_CP009473.1	altframe|hash=8c44f83a6ed3	24	MIRKLIGVPTGTASWFTEAMPRSG	core_4550de8771|case=lab_0015|locus=lab_0015_locus_01|pep=AHI79402|orf=0001	0.979134738445282	0.9741495251655579	0.9791,0.9740,0.9729,0.9729,0.9718	8c44f83a6ed3
cyoA	c3a913a853ab	antisense	+	0	-	-1	9	12	22	22	True	NZ_CP004378.1,NZ_CP009160.1,NZ_CP009271.1,NZ_CP009545.1,NZ_CP012041.1	altframe|hash=c3a913a853ab	39	MPSCGMKNEFITESDVIRKLIGVPTGTASWFTEAMPRSG	core_9f214398f0|case=lab_0111|locus=lab_0111_locus_01|pep=WP_090100307|orf=0003	0.9828606843948364	0.9807758331298828	0.9829,0.9828,0.9798,0.9794,0.9790	c3a913a853ab
cyoA	555fc42918f9	antisense	+	0	-	-1	9	11	22	22	True	NZ_CP004378.1,NZ_CP009160.1,NZ_CP009271.1,NZ_CP009545.1,NZ_CP012041.1	altframe|hash=555fc42918f9	34	MKNEFITESDVIRKLIGVPTGTASWFTEAMPRSG	core_60acb5e64e|case=lab_0065|locus=lab_0065_locus_01|pep=EGF94506|orf=0003	0.991441011428833	0.9871511459350586	0.9914,0.9900,0.9886,0.9831,0.9826	555fc42918f9
cyoA	8c44f83a6ed3	antisense	+	0	-	-1	9	11	22	22	True	NZ_CP004378.1,NZ_CP009160.1,NZ_CP009271.1,NZ_CP009545.1,NZ_CP012041.1	altframe|hash=8c44f83a6ed3	24	MIRKLIGVPTGTASWFTEAMPRSG	core_4550de8771|case=lab_0015|locus=lab_0015_locus_01|pep=AHI79402|orf=0001	0.979134738445282	0.9741495251655579	0.9791,0.9740,0.9729,0.9729,0.9718	8c44f83a6ed3
phnS	ae18c851719e	out_of_frame	+	2	+	0	18	19	22	22	True	NC_022658.1,NZ_CM000833.1,NZ_CM003627.1,NZ_CP004369.1,NZ_CP009234.1	altframe|hash=ae18c851719e	24	MWTERWKKEVIGDSGKQTEVVKPK	core_050c0246aa|case=lab_0052|locus=lab_0052_locus_01|pep=EPF88080|orf=0002	0.97737717628479	0.9723911285400391	0.9774,0.9727,0.9714,0.9708,0.9698	ae18c851719e
ceoR	353f944ccf03	antisense	-	-2	+	0	8	13	21	21	True	NZ_CM000833.1,NZ_CP004369.1,NZ_CP009234.1,NZ_CP009272.1,NZ_CP009477.1	altframe|hash=353f944ccf03	71	MLRELLDRLRLAVLLEIRGRRDRRALEQADAARDERRILQRAHADHAIDAFLQQIDRPVRQAELQIDIRVA	core_0bb2a95525|case=lab_0025|locus=lab_0025_locus_01|pep=WP_013079672|orf=0003	0.887138843536377	0.8252447247505188	0.8871,0.8521,0.7963,0.7955,0.7951	353f944ccf03
ceoR	4ac43e17c697	antisense	-	-2	+	0	8	13	21	21	True	NZ_CM000833.1,NZ_CP004369.1,NZ_CP009234.1,NZ_CP009272.1,NZ_CP009477.1	altframe|hash=4ac43e17c697	70	MRELLDRLRLAVLLEIRGRRDRRALEQADAARDERRILQRAHADHAIDAFLQQIDRPVRQAELQIDIRVA	core_0bb2a95525|case=lab_0025|locus=lab_0025_locus_01|pep=WP_013079672|orf=0003	0.8940029144287109	0.8337823152542114	0.8940,0.8574,0.8075,0.8057,0.8043	4ac43e17c697
ceoR	01913c0ada55	antisense	-	-2	+	1	4	8	21	21	True	NZ_CM000833.1,NZ_CP004369.1,NZ_CP009234.1,NZ_CP009272.1,NZ_CP009477.1	altframe|hash=01913c0ada55	71	MWPGSTSLSVPLRRCGSTMKSGGWISPKPSRPQVTYASASLTDTRPFIFTSTSLPSIRNAQSIVRPVRLEK	core_4550de8771|case=lab_0015|locus=lab_0015_locus_01|pep=AHI79402|orf=0001	0.9184137582778931	0.9063816070556641	0.9184,0.9120,0.9015,0.9007,0.8993	01913c0ada55
ceoR	7ff47933caa0	antisense	-	-2	+	1	4	8	21	21	True	NZ_CM000833.1,NZ_CP004369.1,NZ_CP009234.1,NZ_CP009272.1,NZ_CP009477.1	altframe|hash=7ff47933caa0	64	MSVPLRRCGSTMKSGGWISPKPSRPQVTYASASLTDTRPFIFTSTSLPSIRNAQSIVRPVRLEK	core_4550de8771|case=lab_0015|locus=lab_0015_locus_01|pep=AHI79402|orf=0001	0.9482219815254211	0.936778724193573	0.9482,0.9373,0.9344,0.9320,0.9320	7ff47933caa0
ceoR	85b8a7216749	antisense	-	-2	+	1	4	8	21	21	True	NZ_CM000833.1,NZ_CP004369.1,NZ_CP009234.1,NZ_CP009272.1,NZ_CP009477.1	altframe|hash=85b8a7216749	62	MPLRRCGSTMKSGGWISPKPSRPQVTYASASLTDTRPFIFTSTSLPSIRNAQSIVRPVRLEK	core_4550de8771|case=lab_0015|locus=lab_0015_locus_01|pep=AHI79402|orf=0001	0.950670599937439	0.9402093887329102	0.9507,0.9399,0.9395,0.9356,0.9353	85b8a7216749
ceoR	d227dcc3fd34	antisense	-	-2	+	1	4	8	21	21	True	NZ_CM000833.1,NZ_CP004369.1,NZ_CP009234.1,NZ_CP009272.1,NZ_CP009477.1	altframe|hash=d227dcc3fd34	60	MRRCGSTMKSGGWISPKPSRPQVTYASASLTDTRPFIFTSTSLPSIRNAQSIVRPVRLEK	core_4550de8771|case=lab_0015|locus=lab_0015_locus_01|pep=AHI79402|orf=0001	0.960151731967926	0.950072169303894	0.9602,0.9513,0.9474,0.9466,0.9450	d227dcc3fd34
ceoR	be227ffc0a89	antisense	-	-2	+	1	5	8	21	21	True	NZ_CM000833.1,NZ_CP004369.1,NZ_CP009234.1,NZ_CP009272.1,NZ_CP009477.1	altframe|hash=be227ffc0a89	53	MKSGGWISPKPSRPQVTYASASLTDTRPFIFTSTSLPSIRNAQSIVRPVRLEK	core_4550de8771|case=lab_0015|locus=lab_0015_locus_01|pep=AHI79402|orf=0001	0.974277913570404	0.9664572477340698	0.9743,0.9689,0.9641,0.9639,0.9611	be227ffc0a89
cyoA	b51db3151f51	antisense	-	-1	+	0	12	14	21	21	True	NC_022658.1,NZ_CM000833.1,NZ_CM003196.1,NZ_CM003197.1,NZ_CM003627.1	altframe|hash=b51db3151f51	29	MRMPRNRMISDGTVQITISIAVECAHFGA	core_4550de8771|case=lab_0015|locus=lab_0015_locus_01|pep=AHI79402|orf=0001	0.9850375056266785	0.9799132347106934	0.9850,0.9798,0.9788,0.9787,0.9772	b51db3151f51
cyoA	861245666f3a	antisense	-	-1	+	0	12	14	21	21	True	NC_022658.1,NZ_CM000833.1,NZ_CM003196.1,NZ_CM003197.1,NZ_CM003627.1	altframe|hash=861245666f3a	27	MPRNRMISDGTVQITISIAVECAHFGA	core_4550de8771|case=lab_0015|locus=lab_0015_locus_01|pep=AHI79402|orf=0001	0.9862575531005859	0.9817661046981812	0.9863,0.9821,0.9806,0.9805,0.9794	861245666f3a
cyoA	cc2c47239285	out_of_frame	-	-1	-	-3	1	4	21	21	True	NC_022658.1,NZ_CM000833.1,NZ_CM003196.1,NZ_CM003197.1,NZ_CP004023.1	altframe|hash=cc2c47239285	41	MGREGARVGRPARHDRVRPARAAEREAAGALLLDGRSSALQ	core_0bb2a95525|case=lab_0025|locus=lab_0025_locus_01|pep=WP_013079672|orf=0003	0.9511325359344482	0.9331053495407104	0.9511,0.9381,0.9294,0.9254,0.9215	cc2c47239285
cyoA	5cdc76eb395b	antisense	-	-3	+	0	3	5	21	21	True	NZ_CP004368.1,NZ_CP004377.1,NZ_CP009234.1,NZ_CP009272.1,NZ_CP009473.1	altframe|hash=5cdc76eb395b	36	MSSRSADARTFATHASNASREVASVRNFMSEKPRPL	core_4550de8771|case=lab_0015|locus=lab_0015_locus_01|pep=AHI79402|orf=0001	0.9731245040893555	0.9627231359481812	0.9731,0.9653,0.9606,0.9573,0.9573	5cdc76eb395b
cyoA	c3a913a853ab	antisense	-	-3	+	0	7	10	21	21	True	NZ_CP004368.1,NZ_CP004377.1,NZ_CP009234.1,NZ_CP009272.1,NZ_CP009473.1	altframe|hash=c3a913a853ab	39	MPSCGMKNEFITESDVIRKLIGVPTGTASWFTEAMPRSG	core_9f214398f0|case=lab_0111|locus=lab_0111_locus_01|pep=WP_090100307|orf=0003	0.9828606843948364	0.9807758331298828	0.9829,0.9828,0.9798,0.9794,0.9790	c3a913a853ab
cyoA	555fc42918f9	antisense	-	-3	+	0	8	10	21	21	True	NZ_CP004368.1,NZ_CP004377.1,NZ_CP009234.1,NZ_CP009272.1,NZ_CP009473.1	altframe|hash=555fc42918f9	34	MKNEFITESDVIRKLIGVPTGTASWFTEAMPRSG	core_60acb5e64e|case=lab_0065|locus=lab_0065_locus_01|pep=EGF94506|orf=0003	0.991441011428833	0.9871511459350586	0.9914,0.9900,0.9886,0.9831,0.9826	555fc42918f9
phnS	d8309bb7e5f0	out_of_frame	+	2	+	0	18	19	21	21	True	NC_022658.1,NZ_CM000833.1,NZ_CM003627.1,NZ_CP004369.1,NZ_CP009234.1	altframe|hash=d8309bb7e5f0	30	MMAKKPVWTERWKKEVIGDSGKQTEVVKPK	core_050c0246aa|case=lab_0052|locus=lab_0052_locus_01|pep=EPF88080|orf=0001	0.9723385572433472	0.9707042574882507	0.9723,0.9720,0.9711,0.9704,0.9677	d8309bb7e5f0
phnS	008d25c47a5e	out_of_frame	+	2	+	0	18	19	21	21	True	NC_022658.1,NZ_CM000833.1,NZ_CM003627.1,NZ_CP004369.1,NZ_CP009234.1	altframe|hash=008d25c47a5e	29	MAKKPVWTERWKKEVIGDSGKQTEVVKPK	core_9cc4df377f|case=lab_0056|locus=lab_0056_locus_01|pep=WP_023288230|orf=0002	0.9712192416191101	0.966648280620575	0.9712,0.9676,0.9668,0.9647,0.9629	008d25c47a5e
sctC	ebfcab2db522	out_of_frame	-	-2	-	-1	0	3	21	21	True	NC_022658.1,NZ_CM000833.1,NZ_CP004002.1,NZ_CP008783.1,NZ_CP009234.1	altframe|hash=ebfcab2db522	105	MIVQDGSETRIKMNVHVTDGQLTGDQVDNLPVITSSEINTQAFVGQGQSLLIAGYSTDKRANGVAGVPWLSKIPLLGALFRYHSDSQNHMERVFLLSPRIIDPGT	core_f0a2897045|case=lab_0031|locus=lab_0031_locus_01|pep=BAI99048|orf=0003	0.41135093569755554	0.4033260941505432	0.4114,0.4052,0.4001,0.4000,0.3999	ebfcab2db522
sctC	7b795ccea24a	out_of_frame	-	-2	-	-1	0	3	21	21	True	NC_022658.1,NZ_CM000833.1,NZ_CP004002.1,NZ_CP008783.1,NZ_CP009234.1	altframe|hash=7b795ccea24a	93	MNVHVTDGQLTGDQVDNLPVITSSEINTQAFVGQGQSLLIAGYSTDKRANGVAGVPWLSKIPLLGALFRYHSDSQNHMERVFLLSPRIIDPGT	core_f0a2897045|case=lab_0031|locus=lab_0031_locus_01|pep=BAI99048|orf=0003	0.41091442108154297	0.405282199382782	0.4109,0.4072,0.4035,0.4024,0.4024	7b795ccea24a
sctC	3458feaac28e	out_of_frame	-	-2	-	-1	0	3	21	21	True	NC_022658.1,NZ_CM000833.1,NZ_CP004002.1,NZ_CP008783.1,NZ_CP009234.1	altframe|hash=3458feaac28e	89	MTDGQLTGDQVDNLPVITSSEINTQAFVGQGQSLLIAGYSTDKRANGVAGVPWLSKIPLLGALFRYHSDSQNHMERVFLLSPRIIDPGT	core_f0a2897045|case=lab_0031|locus=lab_0031_locus_01|pep=BAI99048|orf=0003	0.41802099347114563	0.41368159651756287	0.4180,0.4155,0.4125,0.4118,0.4106	3458feaac28e
sctT	5c7501a7c99a	antisense	-	-3	+	1	3	6	21	21	True	NC_022658.1,NZ_CM000833.1,NZ_CP004002.1,NZ_CP008783.1,NZ_CP009234.1	altframe|hash=5c7501a7c99a	39	MRSSFEADFAANPKAKSISRRTSIIGAASFVTICIKLSV	core_f9769217a8|case=lab_0035|locus=lab_0035_locus_01|pep=ACG78808|orf=0003	0.9558835625648499	0.9503334164619446	0.9559,0.9526,0.9524,0.9463,0.9444	5c7501a7c99a
sctT	47a6bbe26d7b	antisense	-	-3	+	1	13	18	21	21	True	NC_022658.1,NZ_CM000833.1,NZ_CP004002.1,NZ_CP008783.1,NZ_CP009234.1	altframe|hash=47a6bbe26d7b	67	MDAAIPRTTPITASRKPVTISGVPCSVCTNPAGCPYATYEPNKITSALRTTPCDSPSAVGGKTDITI	core_2cebe33b8b|case=lab_0094|locus=lab_0094_locus_01|pep=WP_125955261|orf=0001	0.9454372525215149	0.941578209400177	0.9454,0.9425,0.9413,0.9396,0.9391	47a6bbe26d7b
sctT	9391957e43ab	antisense	-	-3	+	1	14	18	21	21	True	NC_022658.1,NZ_CM000833.1,NZ_CP004002.1,NZ_CP008783.1,NZ_CP009234.1	altframe|hash=9391957e43ab	45	MPCSVCTNPAGCPYATYEPNKITSALRTTPCDSPSAVGGKTDITI	core_960391902b|case=lab_0084|locus=lab_0084_locus_01|pep=WP_030409713|orf=0001	0.9699153900146484	0.966049075126648	0.9699,0.9675,0.9663,0.9639,0.9626	9391957e43ab
sctT	efee763d81ea	antisense	-	-3	+	2	0	3	21	21	True	NC_022658.1,NZ_CM000833.1,NZ_CP004002.1,NZ_CP008783.1,NZ_CP009234.1	altframe|hash=efee763d81ea	46	MPVSRATWRATTRAAVSIASTASPARALDRRTYRRTMRASAPSPRP	core_2cebe33b8b|case=lab_0094|locus=lab_0094_locus_01|pep=WP_125955261|orf=0001	0.8883472681045532	0.8616630434989929	0.8883,0.8594,0.8568,0.8539,0.8498	efee763d81ea
ceoR	75fd451e376f	antisense	-	-2	+	1	0	3	20	20	True	NZ_CM000833.1,NZ_CP004369.1,NZ_CP009234.1,NZ_CP009272.1,NZ_CP009484.1	altframe|hash=75fd451e376f	53	MSSDGARSASSNVRLLHVASSPLRPLSSGQRSKISATQSTNTRTFGDRCRLCG	core_e886078a94|case=lab_0073|locus=lab_0073_locus_01|pep=WP_067228662|orf=0001	0.9704247117042542	0.9611695408821106	0.9704,0.9704,0.9566,0.9548,0.9537	75fd451e376f
ceoR	d081b27d3701	out_of_frame	-	-2	-	-1	0	7	20	20	True	NZ_CM000833.1,NZ_CP004369.1,NZ_CP009234.1,NZ_CP009272.1,NZ_CP009484.1	altframe|hash=d081b27d3701	119	MNGLVSVNDADAYVTCGLEGFGLIQPPLFMVLPHLRNGTLKEVLPGHKPLPMPISVVYPHSRHLSPKVRVFVDWVAEIFERCPLLSGRKGLDATCSKRTFEEAERAPSLDTPVLNEWVA	core_60acb5e64e|case=lab_0065|locus=lab_0065_locus_01|pep=EGF94506|orf=0002	0.7374594211578369	0.7330042719841003	0.7375,0.7348,0.7334,0.7301,0.7293	d081b27d3701
ceoR	e3aa87bb4870	out_of_frame	-	-2	-	-1	0	6	20	20	True	NZ_CM000833.1,NZ_CP004369.1,NZ_CP009234.1,NZ_CP009272.1,NZ_CP009484.1	altframe|hash=e3aa87bb4870	115	MSVNDADAYVTCGLEGFGLIQPPLFMVLPHLRNGTLKEVLPGHKPLPMPISVVYPHSRHLSPKVRVFVDWVAEIFERCPLLSGRKGLDATCSKRTFEEAERAPSLDTPVLNEWVA	core_60acb5e64e|case=lab_0065|locus=lab_0065_locus_01|pep=EGF94506|orf=0002	0.7211931347846985	0.7165770530700684	0.7212,0.7185,0.7167,0.7134,0.7132	e3aa87bb4870
ceoR	3fc34570758c	out_of_frame	-	-2	-	-1	0	6	20	20	True	NZ_CM000833.1,NZ_CP004369.1,NZ_CP009234.1,NZ_CP009272.1,NZ_CP009484.1	altframe|hash=3fc34570758c	106	MTCGLEGFGLIQPPLFMVLPHLRNGTLKEVLPGHKPLPMPISVVYPHSRHLSPKVRVFVDWVAEIFERCPLLSGRKGLDATCSKRTFEEAERAPSLDTPVLNEWVA	core_4e12df58e7|case=lab_0027|locus=lab_0027_locus_01|pep=WP_013079672|orf=0001	0.7537602782249451	0.7492544651031494	0.7538,0.7532,0.7474,0.7461,0.7458	3fc34570758c
ceoR	c3abb51c5a73	out_of_frame	-	-2	-	-1	0	5	20	20	True	NZ_CM000833.1,NZ_CP004369.1,NZ_CP009234.1,NZ_CP009272.1,NZ_CP009484.1	altframe|hash=c3abb51c5a73	90	MVLPHLRNGTLKEVLPGHKPLPMPISVVYPHSRHLSPKVRVFVDWVAEIFERCPLLSGRKGLDATCSKRTFEEAERAPSLDTPVLNEWVA	core_60acb5e64e|case=lab_0065|locus=lab_0065_locus_01|pep=EGF94506|orf=0003	0.984494686126709	0.9799873232841492	0.9845,0.9805,0.9801,0.9780,0.9769	c3abb51c5a73
ceoR	6891bc3e4552	out_of_frame	-	-2	-	-1	0	5	20	20	True	NZ_CM000833.1,NZ_CP004369.1,NZ_CP009234.1,NZ_CP009272.1,NZ_CP009484.1	altframe|hash=6891bc3e4552	89	MLPHLRNGTLKEVLPGHKPLPMPISVVYPHSRHLSPKVRVFVDWVAEIFERCPLLSGRKGLDATCSKRTFEEAERAPSLDTPVLNEWVA	core_60acb5e64e|case=lab_0065|locus=lab_0065_locus_01|pep=EGF94506|orf=0003	0.9842177033424377	0.980416476726532	0.9842,0.9823,0.9794,0.9788,0.9773	6891bc3e4552
ceoR	10d790592d60	out_of_frame	-	-2	-	-1	0	4	20	20	True	NZ_CM000833.1,NZ_CP004369.1,NZ_CP009234.1,NZ_CP009272.1,NZ_CP009484.1	altframe|hash=10d790592d60	77	MLPGHKPLPMPISVVYPHSRHLSPKVRVFVDWVAEIFERCPLLSGRKGLDATCSKRTFEEAERAPSLDTPVLNEWVA	core_60acb5e64e|case=lab_0065|locus=lab_0065_locus_01|pep=EGF94506|orf=0001	0.9900744557380676	0.9832892417907715	0.9901,0.9870,0.9803,0.9798,0.9793	10d790592d60
ceoR	f3dce60b63de	out_of_frame	-	-2	-	-1	0	4	20	20	True	NZ_CM000833.1,NZ_CP004369.1,NZ_CP009234.1,NZ_CP009272.1,NZ_CP009484.1	altframe|hash=f3dce60b63de	68	MPISVVYPHSRHLSPKVRVFVDWVAEIFERCPLLSGRKGLDATCSKRTFEEAERAPSLDTPVLNEWVA	core_60acb5e64e|case=lab_0065|locus=lab_0065_locus_01|pep=EGF94506|orf=0002	0.9855319857597351	0.9805811643600464	0.9855,0.9836,0.9782,0.9780,0.9776	f3dce60b63de
ceoR	09dbf6f3c484	out_of_frame	-	-2	-	-1	0	3	20	20	True	NZ_CM000833.1,NZ_CP004369.1,NZ_CP009234.1,NZ_CP009272.1,NZ_CP009484.1	altframe|hash=09dbf6f3c484	52	MRVFVDWVAEIFERCPLLSGRKGLDATCSKRTFEEAERAPSLDTPVLNEWVA	core_60acb5e64e|case=lab_0065|locus=lab_0065_locus_01|pep=EGF94506|orf=0001	0.9840816855430603	0.9811524152755737	0.9841,0.9836,0.9812,0.9785,0.9784	09dbf6f3c484
ceoR	c5a7efed4c3c	out_of_frame	-	-2	-	-1	0	3	20	20	True	NZ_CM000833.1,NZ_CP004369.1,NZ_CP009234.1,NZ_CP009272.1,NZ_CP009484.1	altframe|hash=c5a7efed4c3c	50	MFVDWVAEIFERCPLLSGRKGLDATCSKRTFEEAERAPSLDTPVLNEWVA	core_9f214398f0|case=lab_0111|locus=lab_0111_locus_01|pep=WP_090100307|orf=0002	0.9847140908241272	0.9816404581069946	0.9847,0.9838,0.9818,0.9790,0.9789	c5a7efed4c3c
cyoA	8c44f83a6ed3	antisense	-	-2	+	0	8	10	20	20	True	NC_022659.1,NZ_CP004002.1,NZ_CP008777.1,NZ_CP008784.1,NZ_CP009546.1	altframe|hash=8c44f83a6ed3	24	MIRKLIGVPTGTASWFTEAMPRSG	core_4550de8771|case=lab_0015|locus=lab_0015_locus_01|pep=AHI79402|orf=0001	0.979134738445282	0.9741495251655579	0.9791,0.9740,0.9729,0.9729,0.9718	8c44f83a6ed3
cyoA	cc2c47239285	out_of_frame	-	-2	-	-3	1	4	20	20	True	NC_022659.1,NZ_CP004002.1,NZ_CP008777.1,NZ_CP008784.1,NZ_CP009546.1	altframe|hash=cc2c47239285	41	MGREGARVGRPARHDRVRPARAAEREAAGALLLDGRSSALQ	core_0bb2a95525|case=lab_0025|locus=lab_0025_locus_01|pep=WP_013079672|orf=0003	0.9511325359344482	0.9331053495407104	0.9511,0.9381,0.9294,0.9254,0.9215	cc2c47239285
cysD	0bdf3b17c3c3	out_of_frame	-	-1	-	-3	0	3	20	20	True	NC_022659.1,NZ_CP008777.1,NZ_CP008784.1,NZ_CP009165.1,NZ_CP009235.1	altframe|hash=0bdf3b17c3c3	59	MHVPGRERRGRRGEDHRGDGGDGDHGARGDADGRPGVGGRDGAAQEAGLFLTHARTHPS	core_c09113e945|case=lab_0074|locus=lab_0074_locus_01|pep=CQR60042|orf=0001	0.9198474287986755	0.8867571949958801	0.9198,0.9019,0.8817,0.8661,0.8643	0bdf3b17c3c3
cysD	be1ae49624be	out_of_frame	-	-1	-	-3	0	3	20	20	True	NC_022659.1,NZ_CP008777.1,NZ_CP008784.1,NZ_CP009165.1,NZ_CP009235.1	altframe|hash=be1ae49624be	57	MPGRERRGRRGEDHRGDGGDGDHGARGDADGRPGVGGRDGAAQEAGLFLTHARTHPS	core_c09113e945|case=lab_0074|locus=lab_0074_locus_01|pep=CQR60042|orf=0001	0.9263209700584412	0.8896066546440125	0.9263,0.8973,0.8845,0.8725,0.8674	be1ae49624be
ggt	f4cdb176bf4f	antisense	-	-2	+	1	3	5	20	20	True	NZ_CM000833.1,NZ_CP004369.1,NZ_CP009272.1,NZ_CP009473.1,NZ_CP009477.1	altframe|hash=f4cdb176bf4f	57	MRTVGDIDDSGRFFGSIAFASLPTTPNMLATPGFAEKSSISSLSTMPVPSATTPEPK	core_b9e99058bd|case=lab_0043|locus=lab_0043_locus_01|pep=WP_003487129|orf=0002	0.9157299995422363	0.9102409482002258	0.9157,0.9141,0.9104,0.9084,0.9026	f4cdb176bf4f
glcF	13038b6a2e28	out_of_frame	-	-1	-	-2	8	9	20	20	True	NZ_CP004001.1,NZ_CP004023.1,NZ_CP004368.1,NZ_CP004377.1,NZ_CP008777.1	altframe|hash=13038b6a2e28	25	MKRSTMRDATSTRGGRTSSAASKRS	core_e886078a94|case=lab_0073|locus=lab_0073_locus_01|pep=WP_067228662|orf=0001	0.8823769688606262	0.876083493232727	0.8824,0.8782,0.8775,0.8718,0.8706	13038b6a2e28
irlS	47a59d52c314	antisense	-	-2	+	1	0	2	20	20	True	NZ_CM000833.1,NZ_CM003627.1,NZ_CP004369.1,NZ_CP008763.1,NZ_CP008783.1	altframe|hash=47a59d52c314	41	MRTCGSLSTPHVPPWFSMIERTIARPSPVPDAELCRAGSTR	core_2cebe33b8b|case=lab_0094|locus=lab_0094_locus_01|pep=WP_125955261|orf=0001	0.9763124585151672	0.9658228754997253	0.9763,0.9704,0.9632,0.9602,0.9590	47a59d52c314
irlS	0bdcd780cb2c	antisense	-	-2	+	1	1	2	20	20	True	NZ_CM000833.1,NZ_CM003627.1,NZ_CP004369.1,NZ_CP008763.1,NZ_CP008783.1	altframe|hash=0bdcd780cb2c	30	MPPWFSMIERTIARPSPVPDAELCRAGSTR	core_2cebe33b8b|case=lab_0094|locus=lab_0094_locus_01|pep=WP_125955261|orf=0001	0.9813921451568604	0.9712608456611633	0.9814,0.9783,0.9674,0.9648,0.9644	0bdcd780cb2c
mltG	bdd7eaf9c22e	antisense	+	0	-	-2	1	5	20	20	True	NC_022659.1,NZ_CM003196.1,NZ_CP008777.1,NZ_CP009157.1,NZ_CP009474.1	altframe|hash=bdd7eaf9c22e	59	MPDLSRLDRNSTRVIATNRRGSTPTPPCTSCCATLRTLLRGLIVTSRIGAASASGRVAQ	core_2cebe33b8b|case=lab_0094|locus=lab_0094_locus_01|pep=WP_125955261|orf=0001	0.9693034887313843	0.9559226036071777	0.9693,0.9549,0.9546,0.9534,0.9474	bdd7eaf9c22e
mutL	ea1d834ac71b	out_of_frame	+	1	+	0	16	19	20	20	True	NZ_CM003194.1,NZ_CP008764.1,NZ_CP009235.1,NZ_CP009271.1,NZ_CP009545.1	altframe|hash=ea1d834ac71b	108	MLSPTTLAIRAVPALLKDADLQALARAVLADLHAFGGSRVLTERQHELLGTLACHHAVRANRRLTLDEMNALLRQMEATERADQCNHGRPTWYQLTLGDLDKLFMRGQ	core_b58b26a551|case=lab_0026|locus=lab_0026_locus_01|pep=WP_013079672|orf=0001	0.9578714966773987	0.952381432056427	0.9579,0.9575,0.9549,0.9487,0.9429	ea1d834ac71b
mutL	a624ed9adf08	out_of_frame	+	1	+	0	17	19	20	20	True	NZ_CM003194.1,NZ_CP008764.1,NZ_CP009235.1,NZ_CP009271.1,NZ_CP009545.1	altframe|hash=a624ed9adf08	97	MPALLKDADLQALARAVLADLHAFGGSRVLTERQHELLGTLACHHAVRANRRLTLDEMNALLRQMEATERADQCNHGRPTWYQLTLGDLDKLFMRGQ	core_9a37b1085e|case=lab_0019|locus=lab_0019_locus_01|pep=WP_049781719|orf=0002	0.957018256187439	0.9508091807365417	0.9570,0.9566,0.9526,0.9458,0.9420	a624ed9adf08
mutL	f93a96f3dea1	out_of_frame	+	1	+	0	17	19	20	20	True	NZ_CM003194.1,NZ_CP008764.1,NZ_CP009235.1,NZ_CP009271.1,NZ_CP009545.1	altframe|hash=f93a96f3dea1	81	MLADLHAFGGSRVLTERQHELLGTLACHHAVRANRRLTLDEMNALLRQMEATERADQCNHGRPTWYQLTLGDLDKLFMRGQ	core_b58b26a551|case=lab_0026|locus=lab_0026_locus_01|pep=WP_013079672|orf=0001	0.9593788981437683	0.9530396461486816	0.9594,0.9583,0.9559,0.9468,0.9449	f93a96f3dea1
mutL	c752a0e122b8	out_of_frame	+	1	+	0	17	19	20	20	True	NZ_CM003194.1,NZ_CP008764.1,NZ_CP009235.1,NZ_CP009271.1,NZ_CP009545.1	altframe|hash=c752a0e122b8	69	MLTERQHELLGTLACHHAVRANRRLTLDEMNALLRQMEATERADQCNHGRPTWYQLTLGDLDKLFMRGQ	core_9a37b1085e|case=lab_0019|locus=lab_0019_locus_01|pep=WP_049781719|orf=0002	0.9524842500686646	0.9429678916931152	0.9525,0.9506,0.9430,0.9351,0.9337	c752a0e122b8
mutL	0d746de87b3c	out_of_frame	+	1	+	0	18	19	20	20	True	NZ_CM003194.1,NZ_CP008764.1,NZ_CP009235.1,NZ_CP009271.1,NZ_CP009545.1	altframe|hash=0d746de87b3c	51	MRANRRLTLDEMNALLRQMEATERADQCNHGRPTWYQLTLGDLDKLFMRGQ	core_9a37b1085e|case=lab_0019|locus=lab_0019_locus_01|pep=WP_049781719|orf=0002	0.964064359664917	0.955339789390564	0.9641,0.9592,0.9521,0.9519,0.9495	0d746de87b3c
mutL	3fc84f4ea43e	out_of_frame	+	1	+	0	18	19	20	20	True	NZ_CM003194.1,NZ_CP008764.1,NZ_CP009235.1,NZ_CP009271.1,NZ_CP009545.1	altframe|hash=3fc84f4ea43e	40	MNALLRQMEATERADQCNHGRPTWYQLTLGDLDKLFMRGQ	core_9a37b1085e|case=lab_0019|locus=lab_0019_locus_01|pep=WP_049781719|orf=0001	0.9764003157615662	0.9721163511276245	0.9764,0.9758,0.9710,0.9694,0.9679	3fc84f4ea43e
phnT	43aa2efab703	out_of_frame	+	1	+	2	18	19	20	20	True	NC_022658.1,NZ_CM000833.1,NZ_CM003627.1,NZ_CP004369.1,NZ_CP009234.1	altframe|hash=43aa2efab703	29	MQRGRGPAPERGARVSLDCEADDVVLISP	core_c262dfa9fe|case=lab_0078|locus=lab_0078_locus_01|pep=QFU91022|orf=0001	0.982688307762146	0.9771987199783325	0.9827,0.9797,0.9796,0.9737,0.9703	43aa2efab703
rpsU	0026c3e2fe19	out_of_frame	-	-2	-	-1	0	19	20	20	True	NZ_CM003197.1,NZ_CM003770.1,NZ_CP004002.1,NZ_CP008783.1,NZ_CP009473.1	altframe|hash=0026c3e2fe19	70	MTIIRVKENEPFEVAMRRFKRTIEKNGLLTELRAREFYEKPTAERKRKKAAAVKRHYKRIRSQMLPKKLY	core_9cc4df377f|case=lab_0056|locus=lab_0056_locus_73|pep=WP_023288230|orf=0001	0.9442819952964783	0.9403036832809448	0.9443,0.9425,0.9396,0.9379,0.9372	0026c3e2fe19
sctJ	c6f588d18962	antisense	-	-2	+	1	8	11	20	20	True	NC_022658.1,NZ_CM000833.1,NZ_CP004002.1,NZ_CP008783.1,NZ_CP009234.1	altframe|hash=c6f588d18962	45	MMNTAADDGLAVCASGSLFGSTICTRATSTPSIFDSVDDNSCDMP	core_4550de8771|case=lab_0015|locus=lab_0015_locus_01|pep=AHI79402|orf=0001	0.9533036351203918	0.9494898915290833	0.9533,0.9495,0.9489,0.9484,0.9474	c6f588d18962
sctJ	6630740420b1	antisense	-	-2	+	1	8	11	20	20	True	NC_022658.1,NZ_CM000833.1,NZ_CP004002.1,NZ_CP008783.1,NZ_CP009234.1	altframe|hash=6630740420b1	44	MNTAADDGLAVCASGSLFGSTICTRATSTPSIFDSVDDNSCDMP	core_4550de8771|case=lab_0015|locus=lab_0015_locus_01|pep=AHI79402|orf=0001	0.9553947448730469	0.9510982632637024	0.9554,0.9518,0.9501,0.9499,0.9483	6630740420b1
sctJ	f47fa25983eb	antisense	-	-2	+	1	8	11	20	20	True	NC_022658.1,NZ_CM000833.1,NZ_CP004002.1,NZ_CP008783.1,NZ_CP009234.1	altframe|hash=f47fa25983eb	36	MAVCASGSLFGSTICTRATSTPSIFDSVDDNSCDMP	core_4550de8771|case=lab_0015|locus=lab_0015_locus_01|pep=AHI79402|orf=0001	0.9576504230499268	0.9507988095283508	0.9577,0.9518,0.9492,0.9478,0.9477	f47fa25983eb
sctN	913710ae05b4	out_of_frame	-	-2	-	-3	0	4	20	20	True	NC_022658.1,NZ_CM000833.1,NZ_CP004002.1,NZ_CP008783.1,NZ_CP009234.1	altframe|hash=913710ae05b4	106	MILSREVAAKNQYPAIDVLGSLSRVMPLVVDDGHMRAAARVRELLAKHREVEVLLQIGEYKAGANPLADEAIAKADAIRSFFSQRTDDYAAAEDTIARLYALSGAN	core_9a37b1085e|case=lab_0019|locus=lab_0019_locus_01|pep=WP_049781719|orf=0002	0.9625717997550964	0.9559076428413391	0.9626,0.9577,0.9543,0.9540,0.9510	913710ae05b4
sctN	4a69970feb7d	out_of_frame	-	-2	-	-3	0	3	20	20	True	NC_022658.1,NZ_CM000833.1,NZ_CP004002.1,NZ_CP008783.1,NZ_CP009234.1	altframe|hash=4a69970feb7d	88	MGSLSRVMPLVVDDGHMRAAARVRELLAKHREVEVLLQIGEYKAGANPLADEAIAKADAIRSFFSQRTDDYAAAEDTIARLYALSGAN	core_9a37b1085e|case=lab_0019|locus=lab_0019_locus_01|pep=WP_049781719|orf=0002	0.9594219923019409	0.95148104429245	0.9594,0.9530,0.9516,0.9487,0.9447	4a69970feb7d
sctN	a42737ee7eb7	out_of_frame	-	-2	-	-3	0	3	20	20	True	NC_022658.1,NZ_CM000833.1,NZ_CP004002.1,NZ_CP008783.1,NZ_CP009234.1	altframe|hash=a42737ee7eb7	82	MMPLVVDDGHMRAAARVRELLAKHREVEVLLQIGEYKAGANPLADEAIAKADAIRSFFSQRTDDYAAAEDTIARLYALSGAN	core_9a37b1085e|case=lab_0019|locus=lab_0019_locus_01|pep=WP_049781719|orf=0002	0.9554828405380249	0.9469410181045532	0.9555,0.9477,0.9475,0.9422,0.9419	a42737ee7eb7
sctN	4c68d8a2d7d0	out_of_frame	-	-2	-	-3	0	3	20	20	True	NC_022658.1,NZ_CM000833.1,NZ_CP004002.1,NZ_CP008783.1,NZ_CP009234.1	altframe|hash=4c68d8a2d7d0	81	MPLVVDDGHMRAAARVRELLAKHREVEVLLQIGEYKAGANPLADEAIAKADAIRSFFSQRTDDYAAAEDTIARLYALSGAN	core_9a37b1085e|case=lab_0019|locus=lab_0019_locus_01|pep=WP_049781719|orf=0002	0.9550238847732544	0.9458736181259155	0.9550,0.9470,0.9463,0.9406,0.9404	4c68d8a2d7d0
sctN	b2deee9fe0d5	out_of_frame	-	-2	-	-3	0	3	20	20	True	NC_022658.1,NZ_CM000833.1,NZ_CP004002.1,NZ_CP008783.1,NZ_CP009234.1	altframe|hash=b2deee9fe0d5	72	MRAAARVRELLAKHREVEVLLQIGEYKAGANPLADEAIAKADAIRSFFSQRTDDYAAAEDTIARLYALSGAN	core_9a37b1085e|case=lab_0019|locus=lab_0019_locus_01|pep=WP_049781719|orf=0002	0.950467586517334	0.9379059076309204	0.9505,0.9387,0.9371,0.9321,0.9311	b2deee9fe0d5
sctN	8def314d9d61	out_of_frame	-	-2	-	-3	0	2	20	20	True	NC_022658.1,NZ_CM000833.1,NZ_CP004002.1,NZ_CP008783.1,NZ_CP009234.1	altframe|hash=8def314d9d61	63	MLAKHREVEVLLQIGEYKAGANPLADEAIAKADAIRSFFSQRTDDYAAAEDTIARLYALSGAN	core_9a37b1085e|case=lab_0019|locus=lab_0019_locus_01|pep=WP_049781719|orf=0002	0.9545357823371887	0.9425519108772278	0.9545,0.9443,0.9382,0.9379,0.9378	8def314d9d61
sctN	607a2b0fea67	out_of_frame	-	-2	-	-3	0	2	20	20	True	NC_022658.1,NZ_CM000833.1,NZ_CP004002.1,NZ_CP008783.1,NZ_CP009234.1	altframe|hash=607a2b0fea67	62	MAKHREVEVLLQIGEYKAGANPLADEAIAKADAIRSFFSQRTDDYAAAEDTIARLYALSGAN	core_9a37b1085e|case=lab_0019|locus=lab_0019_locus_01|pep=WP_049781719|orf=0002	0.9585965871810913	0.9488756060600281	0.9586,0.9526,0.9470,0.9440,0.9422	607a2b0fea67
sctN	1f6a3be7ee98	out_of_frame	-	-2	-	-3	0	2	20	20	True	NC_022658.1,NZ_CM000833.1,NZ_CP004002.1,NZ_CP008783.1,NZ_CP009234.1	altframe|hash=1f6a3be7ee98	56	MEVLLQIGEYKAGANPLADEAIAKADAIRSFFSQRTDDYAAAEDTIARLYALSGAN	core_9a37b1085e|case=lab_0019|locus=lab_0019_locus_01|pep=WP_049781719|orf=0002	0.956045389175415	0.9474067687988281	0.9560,0.9512,0.9463,0.9424,0.9411	1f6a3be7ee98
sctN	eb2ffbec6f63	out_of_frame	-	-2	-	-3	0	2	20	20	True	NC_022658.1,NZ_CM000833.1,NZ_CP004002.1,NZ_CP008783.1,NZ_CP009234.1	altframe|hash=eb2ffbec6f63	53	MLQIGEYKAGANPLADEAIAKADAIRSFFSQRTDDYAAAEDTIARLYALSGAN	core_9a37b1085e|case=lab_0019|locus=lab_0019_locus_01|pep=WP_049781719|orf=0002	0.9591618776321411	0.9473752975463867	0.9592,0.9508,0.9442,0.9415,0.9412	eb2ffbec6f63
sctT	8de475bd7f0a	out_of_frame	-	-3	-	-1	0	7	20	20	True	NC_022658.1,NZ_CM000833.1,NZ_CP004002.1,NZ_CP008783.1,NZ_CP009234.1	altframe|hash=8de475bd7f0a	100	MPALIEAFAVSQTDSLMQMVTKLAAPMMLVLLLIDFAFGFAAKSASKLDLMGLSQPVKGAVTVLMLALFVGTFVDQAREQVTLSTLSKQLREWSHAMSRG	core_9a37b1085e|case=lab_0019|locus=lab_0019_locus_01|pep=WP_049781719|orf=0003	0.9262955784797668	0.9094821214675903	0.9263,0.9074,0.9053,0.9049,0.9035	8de475bd7f0a
sctT	40656df7311c	out_of_frame	-	-3	-	-1	0	7	20	20	True	NC_022658.1,NZ_CM000833.1,NZ_CP004002.1,NZ_CP008783.1,NZ_CP009234.1	altframe|hash=40656df7311c	97	MIEAFAVSQTDSLMQMVTKLAAPMMLVLLLIDFAFGFAAKSASKLDLMGLSQPVKGAVTVLMLALFVGTFVDQAREQVTLSTLSKQLREWSHAMSRG	core_9a37b1085e|case=lab_0019|locus=lab_0019_locus_01|pep=WP_049781719|orf=0003	0.9314769506454468	0.9163202047348022	0.9315,0.9151,0.9126,0.9124,0.9100	40656df7311c
sctT	7c4743283302	out_of_frame	-	-3	-	-1	0	6	20	20	True	NC_022658.1,NZ_CM000833.1,NZ_CP004002.1,NZ_CP008783.1,NZ_CP009234.1	altframe|hash=7c4743283302	91	MSQTDSLMQMVTKLAAPMMLVLLLIDFAFGFAAKSASKLDLMGLSQPVKGAVTVLMLALFVGTFVDQAREQVTLSTLSKQLREWSHAMSRG	core_9a37b1085e|case=lab_0019|locus=lab_0019_locus_01|pep=WP_049781719|orf=0003	0.9334038496017456	0.9175816774368286	0.9334,0.9160,0.9149,0.9140,0.9096	7c4743283302
sctT	1da8d0b075a9	out_of_frame	-	-3	-	-1	0	6	20	20	True	NC_022658.1,NZ_CM000833.1,NZ_CP004002.1,NZ_CP008783.1,NZ_CP009234.1	altframe|hash=1da8d0b075a9	85	MMQMVTKLAAPMMLVLLLIDFAFGFAAKSASKLDLMGLSQPVKGAVTVLMLALFVGTFVDQAREQVTLSTLSKQLREWSHAMSRG	core_9a37b1085e|case=lab_0019|locus=lab_0019_locus_01|pep=WP_049781719|orf=0003	0.9354543685913086	0.9215272665023804	0.9355,0.9228,0.9176,0.9161,0.9157	1da8d0b075a9
sctT	7cc5dc8174cd	out_of_frame	-	-3	-	-1	0	6	20	20	True	NC_022658.1,NZ_CM000833.1,NZ_CP004002.1,NZ_CP008783.1,NZ_CP009234.1	altframe|hash=7cc5dc8174cd	84	MQMVTKLAAPMMLVLLLIDFAFGFAAKSASKLDLMGLSQPVKGAVTVLMLALFVGTFVDQAREQVTLSTLSKQLREWSHAMSRG	core_9a37b1085e|case=lab_0019|locus=lab_0019_locus_01|pep=WP_049781719|orf=0003	0.9383075833320618	0.9248035550117493	0.9383,0.9264,0.9210,0.9193,0.9190	7cc5dc8174cd
sctT	f98672595e36	out_of_frame	-	-3	-	-1	0	6	20	20	True	NC_022658.1,NZ_CM000833.1,NZ_CP004002.1,NZ_CP008783.1,NZ_CP009234.1	altframe|hash=f98672595e36	82	MVTKLAAPMMLVLLLIDFAFGFAAKSASKLDLMGLSQPVKGAVTVLMLALFVGTFVDQAREQVTLSTLSKQLREWSHAMSRG	core_9a37b1085e|case=lab_0019|locus=lab_0019_locus_01|pep=WP_049781719|orf=0003	0.9401478171348572	0.9288871884346008	0.9401,0.9315,0.9253,0.9244,0.9231	f98672595e36
sctT	e307b7c66039	out_of_frame	-	-3	-	-1	0	5	20	20	True	NC_022658.1,NZ_CM000833.1,NZ_CP004002.1,NZ_CP008783.1,NZ_CP009234.1	altframe|hash=e307b7c66039	74	MMLVLLLIDFAFGFAAKSASKLDLMGLSQPVKGAVTVLMLALFVGTFVDQAREQVTLSTLSKQLREWSHAMSRG	core_9a37b1085e|case=lab_0019|locus=lab_0019_locus_01|pep=WP_049781719|orf=0003	0.9487725496292114	0.9368864297866821	0.9488,0.9395,0.9322,0.9320,0.9319	e307b7c66039
sctT	1f670495dcdf	out_of_frame	-	-3	-	-1	0	5	20	20	True	NC_022658.1,NZ_CM000833.1,NZ_CP004002.1,NZ_CP008783.1,NZ_CP009234.1	altframe|hash=1f670495dcdf	73	MLVLLLIDFAFGFAAKSASKLDLMGLSQPVKGAVTVLMLALFVGTFVDQAREQVTLSTLSKQLREWSHAMSRG	core_9a37b1085e|case=lab_0019|locus=lab_0019_locus_01|pep=WP_049781719|orf=0003	0.9507262110710144	0.9389069676399231	0.9507,0.9415,0.9344,0.9343,0.9336	1f670495dcdf
sctT	51f5b1deccb6	out_of_frame	-	-3	-	-1	0	3	20	20	True	NC_022658.1,NZ_CM000833.1,NZ_CP004002.1,NZ_CP008783.1,NZ_CP009234.1	altframe|hash=51f5b1deccb6	50	MGLSQPVKGAVTVLMLALFVGTFVDQAREQVTLSTLSKQLREWSHAMSRG	core_9a37b1085e|case=lab_0019|locus=lab_0019_locus_01|pep=WP_049781719|orf=0003	0.957739531993866	0.9475929141044617	0.9577,0.9499,0.9486,0.9426,0.9392	51f5b1deccb6
sctT	eb25ac9a18a2	out_of_frame	-	-3	-	-1	0	3	20	20	True	NC_022658.1,NZ_CM000833.1,NZ_CP004002.1,NZ_CP008783.1,NZ_CP009234.1	altframe|hash=eb25ac9a18a2	40	MTVLMLALFVGTFVDQAREQVTLSTLSKQLREWSHAMSRG	core_60acb5e64e|case=lab_0065|locus=lab_0065_locus_01|pep=EGF94506|orf=0003	0.9681001901626587	0.9637228846549988	0.9681,0.9669,0.9663,0.9591,0.9583	eb25ac9a18a2
sctT	10c20a4d8945	out_of_frame	-	-3	-	-1	0	2	20	20	True	NC_022658.1,NZ_CM000833.1,NZ_CP004002.1,NZ_CP008783.1,NZ_CP009234.1	altframe|hash=10c20a4d8945	38	MLMLALFVGTFVDQAREQVTLSTLSKQLREWSHAMSRG	core_60acb5e64e|case=lab_0065|locus=lab_0065_locus_01|pep=EGF94506|orf=0003	0.979663074016571	0.9737049341201782	0.9797,0.9766,0.9718,0.9703,0.9702	10c20a4d8945
sctT	3261838dfdb9	out_of_frame	-	-3	-	-1	0	2	20	20	True	NC_022658.1,NZ_CM000833.1,NZ_CP004002.1,NZ_CP008783.1,NZ_CP009234.1	altframe|hash=3261838dfdb9	36	MLALFVGTFVDQAREQVTLSTLSKQLREWSHAMSRG	core_60acb5e64e|case=lab_0065|locus=lab_0065_locus_01|pep=EGF94506|orf=0003	0.9843634366989136	0.9789741635322571	0.9844,0.9823,0.9767,0.9765,0.9750	3261838dfdb9
sctT	59d299f83584	out_of_frame	-	-3	-	-1	0	2	20	20	True	NC_022658.1,NZ_CM000833.1,NZ_CP004002.1,NZ_CP008783.1,NZ_CP009234.1	altframe|hash=59d299f83584	33	MFVGTFVDQAREQVTLSTLSKQLREWSHAMSRG	core_60acb5e64e|case=lab_0065|locus=lab_0065_locus_01|pep=EGF94506|orf=0003	0.9842342138290405	0.980545163154602	0.9842,0.9817,0.9800,0.9787,0.9781	59d299f83584
tagH	9c76751b1146	antisense	+	1	-	-2	12	16	20	20	True	NZ_CP004369.1,NZ_CP008783.1,NZ_CP009234.1,NZ_CP009546.1,NZ_CP012042.1	altframe|hash=9c76751b1146	104	MSRSISAARMPATMPIWCACRSWNASDTALCGVMKPGSGSPNIWRSTALPSGSSFSGLFSRSSSIVMSAFTSRFRMLRDDSSSTVPLANSASSCPATNNCSADQ	core_2cebe33b8b|case=lab_0094|locus=lab_0094_locus_01|pep=WP_125955261|orf=0001	0.798364520072937	0.7844005227088928	0.7984,0.7848,0.7842,0.7828,0.7718	9c76751b1146
tagH	6f403b9ad9a8	antisense	+	1	-	-2	12	16	20	20	True	NZ_CP004369.1,NZ_CP008783.1,NZ_CP009234.1,NZ_CP009546.1,NZ_CP012042.1	altframe|hash=6f403b9ad9a8	95	MPATMPIWCACRSWNASDTALCGVMKPGSGSPNIWRSTALPSGSSFSGLFSRSSSIVMSAFTSRFRMLRDDSSSTVPLANSASSCPATNNCSADQ	core_2cebe33b8b|case=lab_0094|locus=lab_0094_locus_01|pep=WP_125955261|orf=0001	0.8089362978935242	0.797211766242981	0.8089,0.7984,0.7978,0.7958,0.7851	6f403b9ad9a8
tagH	885cfbd58d40	antisense	+	1	-	-2	12	16	20	20	True	NZ_CP004369.1,NZ_CP008783.1,NZ_CP009234.1,NZ_CP009546.1,NZ_CP012042.1	altframe|hash=885cfbd58d40	91	MPIWCACRSWNASDTALCGVMKPGSGSPNIWRSTALPSGSSFSGLFSRSSSIVMSAFTSRFRMLRDDSSSTVPLANSASSCPATNNCSADQ	core_2cebe33b8b|case=lab_0094|locus=lab_0094_locus_01|pep=WP_125955261|orf=0001	0.8150656819343567	0.8050655126571655	0.8151,0.8074,0.8053,0.8031,0.7944	885cfbd58d40
tagH	279893dc99d7	antisense	+	1	-	-2	12	15	20	20	True	NZ_CP004369.1,NZ_CP008783.1,NZ_CP009234.1,NZ_CP009546.1,NZ_CP012042.1	altframe|hash=279893dc99d7	71	MKPGSGSPNIWRSTALPSGSSFSGLFSRSSSIVMSAFTSRFRMLRDDSSSTVPLANSASSCPATNNCSADQ	core_4550de8771|case=lab_0015|locus=lab_0015_locus_01|pep=AHI79402|orf=0001	0.8394067287445068	0.8324332237243652	0.8394,0.8376,0.8329,0.8276,0.8246	279893dc99d7
tagH	9a05f407ca45	antisense	+	1	-	-2	12	14	20	20	True	NZ_CP004369.1,NZ_CP008783.1,NZ_CP009234.1,NZ_CP009546.1,NZ_CP012042.1	altframe|hash=9a05f407ca45	47	MFSRSSSIVMSAFTSRFRMLRDDSSSTVPLANSASSCPATNNCSADQ	core_4550de8771|case=lab_0015|locus=lab_0015_locus_01|pep=AHI79402|orf=0001	0.9041556715965271	0.8907825350761414	0.9042,0.8915,0.8892,0.8852,0.8838	9a05f407ca45
