name	precursor	core_given	orientation	core_positions	core_score	core_rank	core_rank_total	best_pred_core	best_pred_pos	best_pred_score	best_pred_confidence
IgtA CCK25647.1	MKKVYEAPTLVRLGSFRKQTGLLGRSGNDRLILSKN	LLGRSGNDRLILSKN	leader_core	21	10.18	1	17	LLGRSGNDRLILSKN	21	10.18	high
triculamin in S. albus | actualy M would be pruned as tail, i have no such logic yet.	MSKKSKPGDGIRGKGVRGRFMFMDETPEAEATTSIRDSLADLAETLESEARK	MSKKSKPGDGIRGKGVRGRF	core_leader	20	6.42	10	33				
streptacidin	MTETTEQSNEYMAPALVEVGEFNEDTLGGWGTVPDWFFNMNW	GGWGTVPDWFFNMNW	leader_core	27	10.50	1	23	GGWGTVPDWFFNMNW	27	10.50	high
LP‐BGC from the genome of Streptomyces sp. S17 (LP2, lagmysin B);	MTYERPTLTKAGSFRKVTGIKNKGPKDVLGGKQLL	IKNKGPKDVLGGKQLL	leader_core	19	9.07	2	16	GIKNKGPKDVLGGKQLL	18	9.30	high
LP‐BGC from Streptomyces sp. S16 (LP4, lagmysin A).	MAYERPTLTKVGDFQKVTGLAGQGSPDLLGGHSLL	LAGQGSPDLLGGHSLL	leader_core	19	10.23	1	16	LAGQGSPDLLGGHSLL	19	10.23	high
Trilenodin	MTNVVYSKPTIEKVAGFKESTKGLWTGKYTDVFGGRALIKIIIQT	GLWTGKYTDVFGGRALIKIIIQT	leader_core	22	8.81	1	26	GLWTGKYTDVFGGRALIKIIIQT	22	8.81	high
DlpA	MIEQTYEAPALVEVGDFAELTQMTCCGKWADSIWGYFFD	MTCCGKWADSIWGYFFD	leader_core	22	8.62	1	20	MTCCGKWADSIWGYFFD	22	8.62	high
Metanodin	MIIELGKVTEETKNPMHPFVTDNIQGDHGLNI	NPMHPFVTDNIQGDHGLNI	leader_core	13	7.91	1	13	NPMHPFVTDNIQGDHGLNI	13	7.91	medium
lipolasso peptide	MQGNELQETDKLQTYEAPKMIECGSFQEDTGYFGLTGYENLFHFYDKLH	YFGLTGYENLFHFYDKLH	leader_core	31	8.69	1	30	YFGLTGYENLFHFYDKLH	31	8.69	high
actinosynnelassin | AlnA	MENAVEVYEAPCLVEIGDFAELTQLTNRGYWLDGPWGAWWF	LTNRGYWLDGPWGAWWF	leader_core	24	9.18	1	22	LTNRGYWLDGPWGAWWF	24	9.18	high
